Order_ID,Order_Date,Customer_ID,Product_Name,Category,Quantity,Unit_Price,Total_Price,Region
10001,2025-08-26,5104,Power Bank,Accessories,4,35.0,140.0,East
10002,2025-08-26,5092,Laptop,Electronics,1,1200.0,1200.0,East
10003,2025-08-26,5027,Wireless Earbuds,Electronics,1,150.0,150.0,South
10004,2025-08-26,5134,Smartphone,Electronics,1,800.0,800.0,East
10005,2025-08-26,5135,Laptop,Electronics,1,1200.0,1200.0,West
10006,2025-08-26,5033,Pen Set,Office Supplies,1,10.0,10.0,North
10007,2025-08-27,5055,Wireless Earbuds,Electronics,2,150.0,300.0,South
10008,2025-08-27,5007,USB-C Cable,Accessories,1,15.0,15.0,North
10009,2025-08-27,5057,Smartwatch,Electronics,2,250.0,500.0,West
10010,2025-08-28,5126,Phone Case,Accessories,2,20.0,40.0,West
10011,2025-08-29,5012,USB-C Cable,Accessories,1,15.0,15.0,East
10012,2025-08-29,5016,Power Bank,Accessories,1,35.0,35.0,North
10013,2025-08-29,5043,Backpack,Accessories,2,65.0,130.0,East
10014,2025-08-29,5117,Wireless Earbuds,Electronics,1,150.0,150.0,West
10015,2025-08-30,5135,Wireless Earbuds,Electronics,1,150.0,150.0,West
10016,2025-08-30,5111,Notebook,Office Supplies,5,12.0,60.0,East
10017,2025-08-30,5051,Ergonomic Chair,Office Supplies,1,280.0,280.0,North
10018,2025-08-30,5075,Planner,Office Supplies,2,18.0,36.0,East
10019,2025-08-30,5008,Smartphone,Electronics,5,800.0,4000.0,West
10020,2025-08-31,5045,USB-C Cable,Accessories,1,15.0,15.0,West
10021,2025-08-31,5059,Notebook,Office Supplies,1,12.0,12.0,East
10022,2025-08-31,5132,Tablet,Electronics,1,450.0,450.0,East
10023,2025-08-31,5104,Laptop,Electronics,1,1200.0,1200.0,East
10024,2025-09-01,5098,USB-C Cable,Accessories,1,15.0,15.0,South
10025,2025-09-01,5079,Power Bank,Accessories,2,35.0,70.0,North
10026,2025-09-02,5124,Ergonomic Chair,Office Supplies,1,280.0,280.0,West
10027,2025-09-02,5004,Smartphone,Electronics,1,800.0,800.0,North
10028,2025-09-02,5090,USB-C Cable,Accessories,5,15.0,75.0,West
10029,2025-09-03,5104,Tablet,Electronics,2,450.0,900.0,East
10030,2025-09-03,5137,Smartphone,Electronics,2,800.0,1600.0,West
10031,2025-09-03,5119,Smartphone,Electronics,1,800.0,800.0,East
10032,2025-09-04,5133,USB-C Cable,Accessories,2,15.0,30.0,North
10033,2025-09-04,5056,Phone Case,Accessories,1,20.0,20.0,South
10034,2025-09-06,5096,Laptop Stand,Accessories,1,45.0,45.0,East
10035,2025-09-06,5075,Wireless Earbuds,Electronics,1,150.0,150.0,East
10036,2025-09-06,5143,Desk Lamp,Office Supplies,3,50.0,150.0,North
10037,2025-09-07,5032,Wireless Earbuds,Electronics,1,150.0,150.0,East
10038,2025-09-07,5028,USB-C Cable,Accessories,1,15.0,15.0,South
10039,2025-09-07,5022,Backpack,Accessories,1,65.0,65.0,North
10040,2025-09-07,5017,Wireless Earbuds,Electronics,1,150.0,150.0,South
10041,2025-09-08,5059,Backpack,Accessories,2,65.0,130.0,East
10042,2025-09-08,5090,Wireless Earbuds,Electronics,2,150.0,300.0,West
10043,2025-09-08,5106,USB-C Cable,Accessories,2,15.0,30.0,North
10044,2025-09-08,5026,Laptop Stand,Accessories,1,45.0,45.0,North
10045,2025-09-09,5025,Smartwatch,Electronics,1,250.0,250.0,West
10046,2025-09-09,5138,Desk Lamp,Office Supplies,1,50.0,50.0,South
10047,2025-09-09,5045,Wireless Earbuds,Electronics,1,150.0,150.0,West
10048,2025-09-10,5083,Power Bank,Accessories,1,35.0,35.0,East
10049,2025-09-11,5011,Notebook,Office Supplies,2,12.0,24.0,South
10050,2025-09-12,5104,Phone Case,Accessories,1,20.0,20.0,East
10051,2025-09-13,5068,Smartphone,Electronics,1,800.0,800.0,East
10052,2025-09-13,5095,Notebook,Office Supplies,1,12.0,12.0,East
10053,2025-09-14,5065,Phone Case,Accessories,1,20.0,20.0,West
10054,2025-09-14,5049,Wireless Earbuds,Electronics,1,150.0,150.0,East
10055,2025-09-14,5052,Smartphone,Electronics,4,800.0,3200.0,West
10056,2025-09-15,5102,USB-C Cable,Accessories,2,15.0,30.0,East
10057,2025-09-15,5057,Phone Case,Accessories,4,20.0,80.0,West
10058,2025-09-16,5047,Power Bank,Accessories,1,35.0,35.0,West
10059,2025-09-16,5026,Desk Lamp,Office Supplies,1,50.0,50.0,North
10060,2025-09-16,5114,USB-C Cable,Accessories,1,15.0,15.0,North
10061,2025-09-17,5005,Smartphone,Electronics,1,800.0,800.0,North
10062,2025-09-17,5084,Wireless Earbuds,Electronics,2,150.0,300.0,North
10063,2025-09-19,5052,Smartwatch,Electronics,1,250.0,250.0,West
10064,2025-09-19,5105,USB-C Cable,Accessories,1,15.0,15.0,East
10065,2025-09-19,5054,Laptop,Electronics,1,1200.0,1200.0,West
10066,2025-09-20,5015,Power Bank,Accessories,1,35.0,35.0,North
10067,2025-09-20,5061,USB-C Cable,Accessories,2,15.0,30.0,South
10068,2025-09-20,5122,Desk Lamp,Office Supplies,1,50.0,50.0,South
10069,2025-09-21,5021,Wireless Earbuds,Electronics,1,150.0,150.0,North
10070,2025-09-22,5046,USB-C Cable,Accessories,1,15.0,15.0,South
10071,2025-09-22,5134,Smartphone,Electronics,1,800.0,800.0,East
10072,2025-09-22,5038,Ergonomic Chair,Office Supplies,2,280.0,560.0,South
10073,2025-09-22,5062,Smartphone,Electronics,3,800.0,2400.0,East
10074,2025-09-22,5086,Wireless Earbuds,Electronics,4,150.0,600.0,North
10075,2025-09-23,5078,USB-C Cable,Accessories,2,15.0,30.0,East
10076,2025-09-23,5046,Smartphone,Electronics,1,800.0,800.0,South
10077,2025-09-24,5141,Tablet,Electronics,2,450.0,900.0,South
10078,2025-09-25,5003,Phone Case,Accessories,1,20.0,20.0,East
10079,2025-09-27,5006,Phone Case,Accessories,1,20.0,20.0,North
10080,2025-09-27,5093,Phone Case,Accessories,2,20.0,40.0,North
10081,2025-09-27,5008,Phone Case,Accessories,1,20.0,20.0,West
10082,2025-09-28,5108,Power Bank,Accessories,3,35.0,105.0,North
10083,2025-09-28,5075,Smartwatch,Electronics,1,250.0,250.0,East
10084,2025-09-28,5077,Wireless Earbuds,Electronics,2,150.0,300.0,East
10085,2025-09-28,5050,Tablet,Electronics,2,450.0,900.0,North
10086,2025-09-29,5011,Notebook,Office Supplies,3,12.0,36.0,South
10087,2025-09-29,5095,Power Bank,Accessories,2,35.0,70.0,East
10088,2025-09-29,5070,Wireless Earbuds,Electronics,2,150.0,300.0,West
10089,2025-09-29,5016,Backpack,Accessories,1,65.0,65.0,North
10090,2025-09-29,5068,Planner,Office Supplies,1,18.0,18.0,East
10091,2025-09-30,5099,Smartphone,Electronics,1,800.0,800.0,East
10092,2025-09-30,5048,Power Bank,Accessories,2,35.0,70.0,West
10093,2025-09-30,5064,Laptop Stand,Accessories,1,45.0,45.0,West
10094,2025-09-30,5090,Phone Case,Accessories,2,20.0,40.0,West
10095,2025-10-01,5076,Laptop,Electronics,1,1200.0,1200.0,East
10096,2025-10-01,5139,Desk Lamp,Office Supplies,1,50.0,50.0,North
10097,2025-10-01,5101,Notebook,Office Supplies,2,12.0,24.0,South
10098,2025-10-02,5089,Power Bank,Accessories,1,35.0,35.0,East
10099,2025-10-02,5018,Phone Case,Accessories,1,20.0,20.0,West
10100,2025-10-03,5019,Notebook,Office Supplies,1,12.0,12.0,East
10101,2025-10-03,5055,Phone Case,Accessories,4,20.0,80.0,South
10102,2025-10-03,5102,Smartphone,Electronics,2,800.0,1600.0,East
10103,2025-10-03,5118,Power Bank,Accessories,1,35.0,35.0,East
10104,2025-10-03,5134,Power Bank,Accessories,1,35.0,35.0,East
10105,2025-10-03,5004,Backpack,Accessories,1,65.0,65.0,North
10106,2025-10-03,5108,USB-C Cable,Accessories,2,15.0,30.0,North
10107,2025-10-04,5115,Notebook,Office Supplies,2,12.0,24.0,West
10108,2025-10-05,5029,Notebook,Office Supplies,1,12.0,12.0,East
10109,2025-10-05,5059,Backpack,Accessories,1,65.0,65.0,East
10110,2025-10-05,5125,Smartphone,Electronics,1,800.0,800.0,North
10111,2025-10-06,5098,Pen Set,Office Supplies,2,10.0,20.0,South
10112,2025-10-06,5017,Ergonomic Chair,Office Supplies,2,280.0,560.0,South
10113,2025-10-06,5107,Smartphone,Electronics,1,800.0,800.0,East
10114,2025-10-07,5043,Notebook,Office Supplies,1,12.0,12.0,East
10115,2025-10-07,5080,Ergonomic Chair,Office Supplies,1,280.0,280.0,South
10116,2025-10-08,5008,Laptop Stand,Accessories,4,45.0,180.0,West
10117,2025-10-08,5141,Power Bank,Accessories,1,35.0,35.0,South
10118,2025-10-08,5106,Wireless Earbuds,Electronics,2,150.0,300.0,North
10116,2025-10-08,5008,Laptop,Electronics,2,1200.0,2400.0,West
10119,2025-10-09,5096,Wireless Earbuds,Electronics,1,150.0,150.0,East
10120,2025-10-10,5094,USB-C Cable,Accessories,1,15.0,15.0,East
10121,2025-10-10,5065,Laptop,Electronics,1,1200.0,1200.0,West
10122,2025-10-10,5039,Wireless Earbuds,Electronics,2,150.0,300.0,West
10123,2025-10-11,5081,Wireless Earbuds,Electronics,2,150.0,300.0,North
10124,2025-10-11,5084,Power Bank,Accessories,2,35.0,70.0,North
10125,2025-10-11,5088,Notebook,Office Supplies,1,12.0,12.0,West
10126,2025-10-11,5086,Wireless Earbuds,Electronics,1,150.0,150.0,North
10127,2025-10-11,5093,Wireless Earbuds,Electronics,4,150.0,600.0,North
10128,2025-10-12,5086,USB-C Cable,Accessories,2,15.0,30.0,North
10129,2025-10-12,5044,Backpack,Accessories,1,65.0,65.0,South
10130,2025-10-12,5137,Tablet,Electronics,4,450.0,1800.0,West
10131,2025-10-13,5074,Backpack,Accessories,2,65.0,130.0,South
10132,2025-10-13,5036,Smartphone,Electronics,1,800.0,800.0,East
10133,2025-10-14,5101,Smartphone,Electronics,2,800.0,1600.0,South
10134,2025-10-15,5104,Laptop Stand,Accessories,2,45.0,90.0,East
10135,2025-10-15,5066,Wireless Earbuds,Electronics,2,150.0,300.0,North
10136,2025-10-15,5055,Notebook,Office Supplies,1,12.0,12.0,South
10137,2025-10-15,5091,Wireless Earbuds,Electronics,1,150.0,150.0,East
10138,2025-10-15,5022,Power Bank,Accessories,3,35.0,105.0,North
10139,2025-10-15,5101,Phone Case,Accessories,1,20.0,20.0,South
10140,2025-10-16,5121,Laptop,Electronics,1,1200.0,1200.0,North
10141,2025-10-16,5093,Phone Case,Accessories,1,20.0,20.0,North
10142,2025-10-16,5108,Smartphone,Electronics,1,800.0,800.0,North
10143,2025-10-17,5141,Planner,Office Supplies,2,18.0,36.0,South
10144,2025-10-17,5010,Smartphone,Electronics,3,800.0,2400.0,West
10145,2025-10-17,5009,Wireless Earbuds,Electronics,1,150.0,150.0,South
10146,2025-10-17,5034,Smartphone,Electronics,1,800.0,800.0,East
10147,2025-10-17,5129,Pen Set,Office Supplies,1,10.0,10.0,North
10148,2025-10-17,5089,Laptop Stand,Accessories,3,45.0,135.0,East
10149,2025-10-17,5093,Power Bank,Accessories,2,35.0,70.0,North
10150,2025-10-18,5071,Laptop,Electronics,1,1200.0,1200.0,North
10151,2025-10-18,5067,USB-C Cable,Accessories,2,15.0,30.0,East
10152,2025-10-18,5148,Tablet,Electronics,3,450.0,1350.0,North
10153,2025-10-18,5117,Desk Lamp,Office Supplies,2,50.0,100.0,West
10154,2025-10-18,5094,Tablet,Electronics,3,450.0,1350.0,East
10155,2025-10-18,5099,Tablet,Electronics,1,450.0,450.0,East
10156,2025-10-18,5113,Laptop,Electronics,2,1200.0,2400.0,East
10157,2025-10-19,5103,Backpack,Accessories,1,65.0,65.0,South
10158,2025-10-20,5091,Power Bank,Accessories,2,35.0,70.0,East
10159,2025-10-20,5090,Laptop,Electronics,2,1200.0,2400.0,West
10160,2025-10-21,5017,USB-C Cable,Accessories,2,15.0,30.0,South
10161,2025-10-22,5018,Backpack,Accessories,2,65.0,130.0,West
10162,2025-10-22,5116,Laptop Stand,Accessories,1,45.0,45.0,West
10163,2025-10-22,5093,Backpack,Accessories,1,65.0,65.0,North
10164,2025-10-22,5091,Wireless Earbuds,Electronics,5,150.0,750.0,East
10165,2025-10-22,5082,Power Bank,Accessories,3,35.0,105.0,North
10166,2025-10-22,5068,Smartphone,Electronics,1,800.0,800.0,East
10167,2025-10-23,5114,Tablet,Electronics,1,450.0,450.0,North
10168,2025-10-24,5001,Ergonomic Chair,Office Supplies,1,280.0,280.0,North
10169,2025-10-24,5058,Planner,Office Supplies,2,18.0,36.0,East
10170,2025-10-25,5109,Wireless Earbuds,Electronics,2,150.0,300.0,East
10171,2025-10-25,5148,Smartwatch,Electronics,1,250.0,250.0,North
10172,2025-10-26,5116,Phone Case,Accessories,1,20.0,20.0,West
10173,2025-10-26,5087,Wireless Earbuds,Electronics,2,150.0,300.0,West
10174,2025-10-26,5010,Laptop,Electronics,2,1200.0,2400.0,West
10175,2025-10-26,5059,Smartphone,Electronics,1,800.0,800.0,East
10176,2025-10-27,5041,Phone Case,Accessories,1,20.0,20.0,West
10177,2025-10-27,5105,Phone Case,Accessories,1,20.0,20.0,East
10178,2025-10-27,5133,Laptop,Electronics,1,1200.0,1200.0,North
10179,2025-10-27,5122,Tablet,Electronics,1,450.0,450.0,South
10180,2025-10-29,5145,Smartwatch,Electronics,2,250.0,500.0,North
10181,2025-10-29,5022,Phone Case,Accessories,3,20.0,60.0,North
10182,2025-10-29,5098,Laptop,Electronics,2,1200.0,2400.0,South
10183,2025-10-30,5068,Smartphone,Electronics,2,800.0,1600.0,East
10184,2025-10-30,5139,USB-C Cable,Accessories,1,15.0,15.0,North
10185,2025-10-31,5056,Smartphone,Electronics,1,800.0,800.0,South
10186,2025-11-01,5149,Phone Case,Accessories,1,20.0,20.0,East
10187,2025-11-01,5099,Smartwatch,Electronics,1,250.0,250.0,East
10188,2025-11-02,5076,Smartphone,Electronics,2,800.0,1600.0,East
10189,2025-11-02,5026,Smartwatch,Electronics,5,250.0,1250.0,North
10190,2025-11-02,5115,Phone Case,Accessories,1,20.0,20.0,West
10191,2025-11-02,5147,Ergonomic Chair,Office Supplies,1,280.0,280.0,North
10192,2025-11-03,5109,Ergonomic Chair,Office Supplies,2,280.0,560.0,East
10193,2025-11-03,5047,Wireless Earbuds,Electronics,1,150.0,150.0,West
10194,2025-11-05,5071,Phone Case,Accessories,1,20.0,20.0,North
10195,2025-11-05,5040,Tablet,Electronics,2,450.0,900.0,West
10196,2025-11-06,5133,Smartwatch,Electronics,2,250.0,500.0,North
10197,2025-11-07,5149,Desk Lamp,Office Supplies,1,50.0,50.0,East
10198,2025-11-08,5132,Laptop,Electronics,1,1200.0,1200.0,East
10199,2025-11-08,5023,Smartphone,Electronics,2,800.0,1600.0,East
10200,2025-11-08,5106,Tablet,Electronics,1,450.0,450.0,North
10201,2025-11-08,5084,Laptop,Electronics,1,1200.0,1200.0,North
10202,2025-11-09,5143,Tablet,Electronics,2,450.0,900.0,North
10203,2025-11-09,5116,Power Bank,Accessories,1,35.0,35.0,West
10204,2025-11-09,5109,Backpack,Accessories,2,65.0,130.0,East
10205,2025-11-11,5136,Desk Lamp,Office Supplies,1,50.0,50.0,West
10206,2025-11-11,5041,USB-C Cable,Accessories,4,15.0,60.0,West
10207,2025-11-11,5112,Wireless Earbuds,Electronics,1,150.0,150.0,North
10208,2025-11-13,5147,Smartwatch,Electronics,1,250.0,250.0,North
10209,2025-11-14,5112,Wireless Earbuds,Electronics,1,150.0,150.0,North
10210,2025-11-14,5103,Power Bank,Accessories,1,35.0,35.0,South
10211,2025-11-14,5046,Smartwatch,Electronics,3,250.0,750.0,South
10212,2025-11-14,5068,Phone Case,Accessories,5,20.0,100.0,East
10213,2025-11-15,5122,Wireless Earbuds,Electronics,1,150.0,150.0,South
10214,2025-11-16,5015,Power Bank,Accessories,1,35.0,35.0,North
10215,2025-11-16,5129,Backpack,Accessories,2,65.0,130.0,North
10216,2025-11-17,5111,Smartwatch,Electronics,3,250.0,750.0,East
10217,2025-11-18,5024,Planner,Office Supplies,1,18.0,18.0,East
10218,2025-11-19,5027,USB-C Cable,Accessories,1,15.0,15.0,South
10219,2025-11-19,5040,Smartphone,Electronics,1,800.0,800.0,West
10220,2025-11-19,5024,Ergonomic Chair,Office Supplies,2,280.0,560.0,East
10221,2025-11-21,5024,Laptop Stand,Accessories,1,45.0,45.0,East
10222,2025-11-22,5004,Desk Lamp,Office Supplies,2,50.0,100.0,North
10223,2025-11-22,5067,USB-C Cable,Accessories,1,15.0,15.0,East
10224,2025-11-23,5034,Backpack,Accessories,2,65.0,130.0,East
10225,2025-11-23,5116,Laptop,Electronics,1,1200.0,1200.0,West
10226,2025-11-23,5023,Smartwatch,Electronics,1,250.0,250.0,East
10227,2025-11-23,5109,Power Bank,Accessories,1,35.0,35.0,East
10228,2025-11-24,5069,Phone Case,Accessories,2,20.0,40.0,North
10229,2025-11-25,5095,Smartwatch,Electronics,1,250.0,250.0,East
10230,2025-11-25,5062,Smartphone,Electronics,1,800.0,800.0,East
10231,2025-11-25,5057,Ergonomic Chair,Office Supplies,1,280.0,280.0,West
10232,2025-11-25,5054,Pen Set,Office Supplies,1,10.0,10.0,West
10233,2025-11-26,5070,Laptop Stand,Accessories,2,45.0,90.0,West
10234,2025-11-26,5101,Smartphone,Electronics,2,800.0,1600.0,South
10235,2025-11-27,5057,Smartwatch,Electronics,2,250.0,500.0,West
10236,2025-11-27,5138,Laptop,Electronics,1,1200.0,1200.0,South
10237,2025-11-28,5135,Notebook,Office Supplies,2,12.0,24.0,West
10238,2025-11-28,5103,Smartphone,Electronics,1,800.0,800.0,South
10239,2025-11-28,5085,Power Bank,Accessories,1,35.0,35.0,North
10240,2025-11-28,5061,Smartwatch,Electronics,1,250.0,250.0,South
10241,2025-11-28,5003,Power Bank,Accessories,1,35.0,35.0,East
10242,2025-11-29,5128,Phone Case,Accessories,2,20.0,40.0,East
10243,2025-11-29,5086,USB-C Cable,Accessories,2,15.0,30.0,North
10244,2025-11-29,5047,Tablet,Electronics,2,450.0,900.0,West
10245,2025-11-29,5076,Laptop,Electronics,1,1200.0,1200.0,East
10246,2025-11-29,5038,Smartphone,Electronics,1,800.0,800.0,South
10247,2025-11-30,5141,Notebook,Office Supplies,1,12.0,12.0,South
10248,2025-11-30,5087,Desk Lamp,Office Supplies,1,50.0,50.0,West
10249,2025-12-01,5058,Power Bank,Accessories,1,35.0,35.0,East
10250,2025-12-01,5050,Power Bank,Accessories,1,35.0,35.0,North
10251,2025-12-01,5030,Phone Case,Accessories,1,20.0,20.0,East
10252,2025-12-02,5101,Smartphone,Electronics,1,800.0,800.0,South
10253,2025-12-02,5025,Notebook,Office Supplies,2,12.0,24.0,West
10254,2025-12-02,5112,Wireless Earbuds,Electronics,5,150.0,750.0,North
10255,2025-12-02,5126,Wireless Earbuds,Electronics,3,150.0,450.0,West
10256,2025-12-02,5123,Laptop Stand,Accessories,2,45.0,90.0,East
10257,2025-12-02,5047,Laptop,Electronics,1,1200.0,1200.0,West
10258,2025-12-02,5118,Smartphone,Electronics,2,800.0,1600.0,East
10259,2025-12-02,5039,USB-C Cable,Accessories,2,15.0,30.0,West
10260,2025-12-02,5016,Smartphone,Electronics,1,800.0,800.0,North
10261,2025-12-03,5022,Power Bank,Accessories,1,35.0,35.0,North
10262,2025-12-03,5054,Smartwatch,Electronics,2,250.0,500.0,West
10263,2025-12-03,5149,Wireless Earbuds,Electronics,1,150.0,150.0,East
10264,2025-12-03,5016,Smartwatch,Electronics,1,250.0,250.0,North
10265,2025-12-04,5059,Wireless Earbuds,Electronics,1,150.0,150.0,East
10266,2025-12-04,5031,Phone Case,Accessories,1,20.0,20.0,East
10267,2025-12-04,5032,Smartwatch,Electronics,1,250.0,250.0,East
10268,2025-12-04,5009,Power Bank,Accessories,1,35.0,35.0,South
10269,2025-12-04,5139,Backpack,Accessories,1,65.0,65.0,North
10270,2025-12-06,5010,Phone Case,Accessories,1,20.0,20.0,West
10271,2025-12-06,5017,Notebook,Office Supplies,2,12.0,24.0,South
10272,2025-12-06,5068,USB-C Cable,Accessories,1,15.0,15.0,East
10273,2025-12-06,5048,Tablet,Electronics,1,450.0,450.0,West
10274,2025-12-07,5111,Laptop,Electronics,1,1200.0,1200.0,East
10275,2025-12-07,5123,Smartwatch,Electronics,3,250.0,750.0,East
10276,2025-12-08,5149,Power Bank,Accessories,1,35.0,35.0,East
10277,2025-12-08,5101,Laptop,Electronics,1,1200.0,1200.0,South
10278,2025-12-09,5102,Laptop Stand,Accessories,3,45.0,135.0,East
10279,2025-12-09,5065,Power Bank,Accessories,2,35.0,70.0,West
10280,2025-12-09,5051,Wireless Earbuds,Electronics,1,150.0,150.0,North
10281,2025-12-10,5036,USB-C Cable,Accessories,2,15.0,30.0,East
10282,2025-12-10,5081,Smartphone,Electronics,1,800.0,800.0,North
10283,2025-12-11,5127,Laptop,Electronics,1,1200.0,1200.0,East
10284,2025-12-11,5088,Phone Case,Accessories,1,20.0,20.0,West
10285,2025-12-12,5104,Laptop Stand,Accessories,1,45.0,45.0,East
10286,2025-12-12,5015,Phone Case,Accessories,2,20.0,40.0,North
10287,2025-12-14,5096,Backpack,Accessories,1,65.0,65.0,East
10288,2025-12-14,5123,Smartwatch,Electronics,1,250.0,250.0,East
10289,2025-12-14,5001,USB-C Cable,Accessories,2,15.0,30.0,North
10290,2025-12-14,5122,USB-C Cable,Accessories,2,15.0,30.0,South
10291,2025-12-14,5126,Phone Case,Accessories,1,20.0,20.0,West
10292,2025-12-15,5057,Smartwatch,Electronics,2,250.0,500.0,West
10293,2025-12-15,5081,Power Bank,Accessories,1,35.0,35.0,North
10294,2025-12-15,5073,Wireless Earbuds,Electronics,2,150.0,300.0,South
10295,2025-12-15,5141,Smartphone,Electronics,2,800.0,1600.0,South
10296,2025-12-16,5070,Notebook,Office Supplies,4,12.0,48.0,West
10297,2025-12-16,5006,Smartphone,Electronics,1,800.0,800.0,North
10298,2025-12-16,5084,Planner,Office Supplies,1,18.0,18.0,North
10299,2025-12-16,5052,Backpack,Accessories,1,65.0,65.0,West
10300,2025-12-16,5003,Tablet,Electronics,1,450.0,450.0,East
10301,2025-12-16,5081,Power Bank,Accessories,1,35.0,35.0,North
10302,2025-12-16,5063,Desk Lamp,Office Supplies,3,50.0,150.0,North
10303,2025-12-17,5049,USB-C Cable,Accessories,1,15.0,15.0,East
10304,2025-12-17,5076,USB-C Cable,Accessories,1,15.0,15.0,East
10305,2025-12-18,5112,Phone Case,Accessories,2,20.0,40.0,North
10306,2025-12-19,5109,Phone Case,Accessories,1,20.0,20.0,East
10307,2025-12-19,5065,Ergonomic Chair,Office Supplies,2,280.0,560.0,West
10308,2025-12-19,5081,Smartwatch,Electronics,1,250.0,250.0,North
10309,2025-12-20,5015,Laptop Stand,Accessories,1,45.0,45.0,North
10310,2025-12-20,5100,Tablet,Electronics,1,450.0,450.0,West
10311,2025-12-21,5032,Pen Set,Office Supplies,1,10.0,10.0,East
10312,2025-12-21,5096,Planner,Office Supplies,3,18.0,54.0,East
10313,2025-12-21,5128,Laptop,Electronics,1,1200.0,1200.0,East
10314,2025-12-21,5146,Phone Case,Accessories,1,20.0,20.0,North
10315,2025-12-22,5113,Notebook,Office Supplies,1,12.0,12.0,East
10316,2025-12-22,5083,Tablet,Electronics,1,450.0,450.0,East
10317,2025-12-23,5043,Power Bank,Accessories,3,35.0,105.0,East
10318,2025-12-23,5116,Notebook,Office Supplies,1,12.0,12.0,West
10319,2025-12-24,5078,Laptop,Electronics,2,1200.0,2400.0,East
10320,2025-12-24,5058,Phone Case,Accessories,4,20.0,80.0,East
10321,2025-12-25,5033,Smartwatch,Electronics,1,250.0,250.0,North
10322,2025-12-25,5014,Notebook,Office Supplies,3,12.0,36.0,South
10323,2025-12-25,5132,Pen Set,Office Supplies,1,10.0,10.0,East
10324,2025-12-25,5059,Planner,Office Supplies,1,18.0,18.0,East
10325,2025-12-25,5083,Backpack,Accessories,1,65.0,65.0,East
10326,2025-12-25,5134,Ergonomic Chair,Office Supplies,2,280.0,560.0,East
10327,2025-12-26,5121,Ergonomic Chair,Office Supplies,5,280.0,1400.0,North
10328,2025-12-27,5083,Wireless Earbuds,Electronics,1,150.0,150.0,East
10329,2025-12-27,5027,USB-C Cable,Accessories,2,15.0,30.0,South
10330,2025-12-28,5080,Laptop,Electronics,1,1200.0,1200.0,South
10331,2025-12-29,5134,Power Bank,Accessories,1,35.0,35.0,East
10332,2025-12-29,5013,Smartwatch,Electronics,1,250.0,250.0,North
10333,2025-12-29,5064,Smartphone,Electronics,4,800.0,3200.0,West
10334,2025-12-29,5147,Laptop,Electronics,2,1200.0,2400.0,North
10335,2025-12-29,5080,Phone Case,Accessories,1,20.0,20.0,South
10336,2025-12-29,5123,Wireless Earbuds,Electronics,1,150.0,150.0,East
10337,2025-12-30,5043,Phone Case,Accessories,1,20.0,20.0,East
10338,2025-12-30,5089,Laptop,Electronics,1,1200.0,1200.0,East
10339,2025-12-30,5148,Wireless Earbuds,Electronics,1,150.0,150.0,North
10340,2025-12-31,5095,Power Bank,Accessories,3,35.0,105.0,East
10341,2025-12-31,5002,USB-C Cable,Accessories,1,15.0,15.0,South
10342,2025-12-31,5120,Wireless Earbuds,Electronics,1,150.0,150.0,North
10343,2025-12-31,5022,Phone Case,Accessories,1,20.0,20.0,North
10344,2026-01-01,5115,Desk Lamp,Office Supplies,3,50.0,150.0,West
10345,2026-01-01,5057,Phone Case,Accessories,2,20.0,40.0,West
10346,2026-01-01,5072,Smartwatch,Electronics,1,250.0,250.0,North
10347,2026-01-02,5007,Laptop,Electronics,2,1200.0,2400.0,North
10348,2026-01-02,5119,Desk Lamp,Office Supplies,1,50.0,50.0,East
10349,2026-01-03,5114,Laptop,Electronics,1,1200.0,1200.0,North
10350,2026-01-03,5016,Desk Lamp,Office Supplies,1,50.0,50.0,North
10351,2026-01-03,5083,Laptop Stand,Accessories,1,45.0,45.0,East
10352,2026-01-03,5072,Notebook,Office Supplies,1,12.0,12.0,North
10353,2026-01-04,5124,USB-C Cable,Accessories,3,15.0,45.0,West
10354,2026-01-05,5113,Pen Set,Office Supplies,2,10.0,20.0,East
10355,2026-01-05,5012,Wireless Earbuds,Electronics,2,150.0,300.0,East
10356,2026-01-05,5126,USB-C Cable,Accessories,1,15.0,15.0,West
10357,2026-01-05,5053,Wireless Earbuds,Electronics,1,150.0,150.0,North
10358,2026-01-05,5075,Backpack,Accessories,2,65.0,130.0,East
10359,2026-01-06,5133,Phone Case,Accessories,1,20.0,20.0,North
10360,2026-01-06,5027,Desk Lamp,Office Supplies,1,50.0,50.0,South
10361,2026-01-06,5140,Pen Set,Office Supplies,1,10.0,10.0,East
10362,2026-01-07,5145,USB-C Cable,Accessories,2,15.0,30.0,North
10363,2026-01-07,5134,Wireless Earbuds,Electronics,1,150.0,150.0,East
10364,2026-01-07,5097,Backpack,Accessories,1,65.0,65.0,East
10365,2026-01-08,5005,USB-C Cable,Accessories,2,15.0,30.0,North
10366,2026-01-08,5057,Smartwatch,Electronics,1,250.0,250.0,West
10367,2026-01-08,5078,Smartphone,Electronics,1,800.0,800.0,East
10368,2026-01-09,5069,Wireless Earbuds,Electronics,1,150.0,150.0,North
10369,2026-01-09,5118,Smartwatch,Electronics,1,250.0,250.0,East
10370,2026-01-10,5120,Smartwatch,Electronics,2,250.0,500.0,North
10371,2026-01-11,5059,Smartwatch,Electronics,1,250.0,250.0,East
10372,2026-01-11,5033,Laptop,Electronics,1,1200.0,1200.0,North
10373,2026-01-12,5062,Laptop,Electronics,3,1200.0,3600.0,East
10374,2026-01-12,5050,Pen Set,Office Supplies,3,10.0,30.0,North
10375,2026-01-13,5112,Backpack,Accessories,3,65.0,195.0,North
10376,2026-01-13,5019,Wireless Earbuds,Electronics,1,150.0,150.0,East
10377,2026-01-14,5123,Phone Case,Accessories,1,20.0,20.0,East
10378,2026-01-14,5047,Tablet,Electronics,5,450.0,2250.0,West
10379,2026-01-15,5033,Planner,Office Supplies,2,18.0,36.0,North
10380,2026-01-15,5141,USB-C Cable,Accessories,1,15.0,15.0,South
10381,2026-01-15,5084,Smartphone,Electronics,1,800.0,800.0,North
10382,2026-01-16,5135,Wireless Earbuds,Electronics,1,150.0,150.0,West
10383,2026-01-16,5079,Desk Lamp,Office Supplies,3,50.0,150.0,North
10384,2026-01-16,5014,Planner,Office Supplies,1,18.0,18.0,South
10385,2026-01-16,5147,Backpack,Accessories,1,65.0,65.0,North
10386,2026-01-16,5128,Phone Case,Accessories,1,20.0,20.0,East
10387,2026-01-16,5054,Smartphone,Electronics,2,800.0,1600.0,West
10388,2026-01-16,5148,Pen Set,Office Supplies,2,10.0,20.0,North
10389,2026-01-17,5029,Smartwatch,Electronics,1,250.0,250.0,East
10390,2026-01-17,5024,Planner,Office Supplies,2,18.0,36.0,East
10391,2026-01-17,5082,Phone Case,Accessories,4,20.0,80.0,North
10392,2026-01-17,5063,Power Bank,Accessories,1,35.0,35.0,North
10393,2026-01-17,5105,Laptop Stand,Accessories,1,45.0,45.0,East
10394,2026-01-18,5057,Smartwatch,Electronics,1,250.0,250.0,West
10395,2026-01-18,5136,Smartphone,Electronics,2,800.0,1600.0,West
10396,2026-01-18,5062,Tablet,Electronics,1,450.0,450.0,East
10397,2026-01-19,5017,Tablet,Electronics,2,450.0,900.0,South
10398,2026-01-19,5066,USB-C Cable,Accessories,2,15.0,30.0,North
10399,2026-01-19,5006,Wireless Earbuds,Electronics,1,150.0,150.0,North
10400,2026-01-19,5058,Laptop,Electronics,3,1200.0,3600.0,East
10401,2026-01-19,5069,Planner,Office Supplies,1,18.0,18.0,North
10402,2026-01-19,5062,Desk Lamp,Office Supplies,1,50.0,50.0,East
10403,2026-01-20,5082,Notebook,Office Supplies,2,12.0,24.0,North
10404,2026-01-20,5071,Pen Set,Office Supplies,2,10.0,20.0,North
10405,2026-01-20,5131,Smartphone,Electronics,1,800.0,800.0,East
10406,2026-01-21,5010,Wireless Earbuds,Electronics,3,150.0,450.0,West
10407,2026-01-22,5098,USB-C Cable,Accessories,3,15.0,45.0,South
10408,2026-01-22,5089,Phone Case,Accessories,1,20.0,20.0,East
10409,2026-01-22,5035,Smartphone,Electronics,5,800.0,4000.0,North
10410,2026-01-23,5002,USB-C Cable,Accessories,1,15.0,15.0,South
10411,2026-01-23,5124,Tablet,Electronics,1,450.0,450.0,West
10412,2026-01-23,5024,Tablet,Electronics,1,450.0,450.0,East
10413,2026-01-23,5074,Power Bank,Accessories,3,35.0,105.0,South
10414,2026-01-23,5022,Power Bank,Accessories,2,35.0,70.0,North
10415,2026-01-24,5039,Power Bank,Accessories,1,35.0,35.0,West
10416,2026-01-24,5020,Smartphone,Electronics,1,800.0,800.0,North
10417,2026-01-24,5041,Desk Lamp,Office Supplies,2,50.0,100.0,West
10418,2026-01-24,5148,Smartwatch,Electronics,1,250.0,250.0,North
10419,2026-01-24,5108,Smartphone,Electronics,3,800.0,2400.0,North
10420,2026-01-24,5147,Desk Lamp,Office Supplies,2,50.0,100.0,North
10421,2026-01-25,5084,Planner,Office Supplies,1,18.0,18.0,North
10422,2026-01-25,5111,Ergonomic Chair,Office Supplies,4,280.0,1120.0,East
10423,2026-01-26,5066,USB-C Cable,Accessories,1,15.0,15.0,North
10424,2026-01-26,5053,Phone Case,Accessories,5,20.0,100.0,North
10425,2026-01-26,5034,Power Bank,Accessories,2,35.0,70.0,East
10426,2026-01-27,5150,Smartphone,Electronics,2,800.0,1600.0,East
10427,2026-01-27,5067,Wireless Earbuds,Electronics,1,150.0,150.0,East
10428,2026-01-28,5134,Wireless Earbuds,Electronics,3,150.0,450.0,East
10429,2026-01-29,5027,Smartwatch,Electronics,1,250.0,250.0,South
10430,2026-01-30,5010,Phone Case,Accessories,1,20.0,20.0,West
10431,2026-01-30,5073,Laptop Stand,Accessories,1,45.0,45.0,South
10432,2026-01-30,5096,Smartphone,Electronics,1,800.0,800.0,East
10433,2026-02-01,5048,Tablet,Electronics,1,450.0,450.0,West
10434,2026-02-01,5070,Phone Case,Accessories,2,20.0,40.0,West
10435,2026-02-01,5100,Laptop,Electronics,3,1200.0,3600.0,West
10436,2026-02-01,5059,Ergonomic Chair,Office Supplies,1,280.0,280.0,East
10437,2026-02-01,5002,Laptop Stand,Accessories,2,45.0,90.0,South
10438,2026-02-01,5065,Laptop Stand,Accessories,1,45.0,45.0,West
10439,2026-02-01,5083,Power Bank,Accessories,3,35.0,105.0,East
10440,2026-02-02,5010,USB-C Cable,Accessories,2,15.0,30.0,West
10441,2026-02-02,5053,Wireless Earbuds,Electronics,1,150.0,150.0,North
10442,2026-02-02,5079,Phone Case,Accessories,2,20.0,40.0,North
10443,2026-02-02,5059,Power Bank,Accessories,1,35.0,35.0,East
10444,2026-02-03,5150,Smartwatch,Electronics,1,250.0,250.0,East
10445,2026-02-03,5048,Desk Lamp,Office Supplies,2,50.0,100.0,West
10446,2026-02-04,5149,USB-C Cable,Accessories,1,15.0,15.0,East
10447,2026-02-04,5123,Phone Case,Accessories,1,20.0,20.0,East
10448,2026-02-04,5022,Ergonomic Chair,Office Supplies,1,280.0,280.0,North
10449,2026-02-04,5100,Ergonomic Chair,Office Supplies,2,280.0,560.0,West
10450,2026-02-05,5098,Phone Case,Accessories,1,20.0,20.0,South
10451,2026-02-05,5025,Ergonomic Chair,Office Supplies,1,280.0,280.0,West
10452,2026-02-05,5028,Phone Case,Accessories,2,20.0,40.0,South
10453,2026-02-06,5113,Phone Case,Accessories,2,20.0,40.0,East
10454,2026-02-06,5045,Phone Case,Accessories,1,20.0,20.0,West
10455,2026-02-06,5068,USB-C Cable,Accessories,1,15.0,15.0,East
10456,2026-02-07,5007,Smartphone,Electronics,1,800.0,800.0,North
10457,2026-02-08,5049,Desk Lamp,Office Supplies,1,50.0,50.0,East
10458,2026-02-08,5137,Desk Lamp,Office Supplies,1,50.0,50.0,West
10459,2026-02-09,5083,Laptop,Electronics,2,1200.0,2400.0,East
10460,2026-02-09,5129,USB-C Cable,Accessories,2,15.0,30.0,North
10461,2026-02-10,5138,Smartphone,Electronics,2,800.0,1600.0,South
10462,2026-02-11,5073,Wireless Earbuds,Electronics,1,150.0,150.0,South
10463,2026-02-11,5046,USB-C Cable,Accessories,2,15.0,30.0,South
10464,2026-02-11,5106,Smartphone,Electronics,1,800.0,800.0,North
10465,2026-02-11,5032,USB-C Cable,Accessories,4,15.0,60.0,East
10466,2026-02-11,5006,Ergonomic Chair,Office Supplies,2,280.0,560.0,North
10467,2026-02-11,5145,Laptop Stand,Accessories,1,45.0,45.0,North
10468,2026-02-12,5074,Laptop,Electronics,2,1200.0,2400.0,South
10469,2026-02-13,5114,Smartwatch,Electronics,1,250.0,250.0,North
10470,2026-02-13,5027,Phone Case,Accessories,2,20.0,40.0,South
10471,2026-02-13,5054,Pen Set,Office Supplies,1,10.0,10.0,West
10472,2026-02-13,5085,Phone Case,Accessories,1,20.0,20.0,North
10473,2026-02-14,5127,Smartwatch,Electronics,3,250.0,750.0,East
10474,2026-02-14,5111,Phone Case,Accessories,1,20.0,20.0,East
10475,2026-02-14,5015,Power Bank,Accessories,2,35.0,70.0,North
10476,2026-02-14,5132,USB-C Cable,Accessories,1,15.0,15.0,East
10477,2026-02-14,5093,Smartphone,Electronics,2,800.0,1600.0,North
10478,2026-02-14,5123,USB-C Cable,Accessories,2,15.0,30.0,East
10479,2026-02-15,5073,Power Bank,Accessories,1,35.0,35.0,South
10480,2026-02-15,5147,Planner,Office Supplies,1,18.0,18.0,North
10481,2026-02-16,5092,Wireless Earbuds,Electronics,1,150.0,150.0,East
10482,2026-02-17,5017,Phone Case,Accessories,1,20.0,20.0,South
10483,2026-02-17,5043,Notebook,Office Supplies,1,12.0,12.0,East
10484,2026-02-18,5121,Smartphone,Electronics,2,800.0,1600.0,North
10485,2026-02-18,5041,Notebook,Office Supplies,3,12.0,36.0,West
10486,2026-02-18,5039,Phone Case,Accessories,3,20.0,60.0,West
10487,2026-02-18,5113,Laptop,Electronics,2,1200.0,2400.0,East
10488,2026-02-19,5111,Wireless Earbuds,Electronics,2,150.0,300.0,East
10489,2026-02-19,5047,Phone Case,Accessories,2,20.0,40.0,West
10490,2026-02-20,5063,Laptop,Electronics,1,1200.0,1200.0,North
10491,2026-02-20,5110,Power Bank,Accessories,3,35.0,105.0,South
10492,2026-02-21,5069,Wireless Earbuds,Electronics,2,150.0,300.0,North
10493,2026-02-21,5043,Phone Case,Accessories,1,20.0,20.0,East
10494,2026-02-21,5034,Laptop,Electronics,1,1200.0,1200.0,East
10495,2026-02-21,5040,Desk Lamp,Office Supplies,1,50.0,50.0,West
10496,2026-02-21,5061,Pen Set,Office Supplies,1,10.0,10.0,South
10497,2026-02-22,5062,Planner,Office Supplies,3,18.0,54.0,East
10498,2026-02-22,5058,USB-C Cable,Accessories,1,15.0,15.0,East
10499,2026-02-23,5075,Smartphone,Electronics,1,800.0,800.0,East
10500,2026-02-24,5016,USB-C Cable,Accessories,4,15.0,60.0,North
10501,2026-02-24,5082,Laptop,Electronics,1,1200.0,1200.0,North
10502,2026-02-25,5094,Laptop,Electronics,1,1200.0,1200.0,East
10503,2026-02-25,5048,Wireless Earbuds,Electronics,1,150.0,150.0,West
10504,2026-02-25,5138,Laptop Stand,Accessories,2,45.0,90.0,South
10505,2026-02-26,5082,USB-C Cable,Accessories,3,15.0,45.0,North
10506,2026-02-27,5038,Phone Case,Accessories,1,20.0,20.0,South
10507,2026-02-27,5127,Backpack,Accessories,3,65.0,195.0,East
10508,2026-02-27,5019,Smartwatch,Electronics,1,250.0,250.0,East
10509,2026-02-28,5063,Pen Set,Office Supplies,3,10.0,30.0,North
10510,2026-02-28,5077,Backpack,Accessories,2,65.0,130.0,East
10511,2026-02-28,5131,Backpack,Accessories,2,65.0,130.0,East
10512,2026-02-28,5102,Smartphone,Electronics,1,800.0,800.0,East
10513,2026-02-28,5065,USB-C Cable,Accessories,4,15.0,60.0,West
10514,2026-03-01,5120,Phone Case,Accessories,2,20.0,40.0,North
10515,2026-03-01,5091,Tablet,Electronics,1,450.0,450.0,East
10516,2026-03-01,5008,Smartphone,Electronics,2,800.0,1600.0,West
10517,2026-03-02,5073,Phone Case,Accessories,1,20.0,20.0,South
10518,2026-03-02,5134,Phone Case,Accessories,3,20.0,60.0,East
10519,2026-03-03,5107,Smartwatch,Electronics,1,250.0,250.0,East
10520,2026-03-03,5089,Planner,Office Supplies,2,18.0,36.0,East
10521,2026-03-03,5039,Smartphone,Electronics,1,800.0,800.0,West
10522,2026-03-03,5113,Backpack,Accessories,1,65.0,65.0,East
10523,2026-03-03,5028,Planner,Office Supplies,1,18.0,18.0,South
10524,2026-03-03,5097,Wireless Earbuds,Electronics,1,150.0,150.0,East
10525,2026-03-04,5037,Phone Case,Accessories,1,20.0,20.0,South
10526,2026-03-04,5137,Wireless Earbuds,Electronics,1,150.0,150.0,West
10527,2026-03-04,5082,Smartwatch,Electronics,1,250.0,250.0,North
10528,2026-03-05,5056,Pen Set,Office Supplies,1,10.0,10.0,South
10529,2026-03-05,5085,Wireless Earbuds,Electronics,1,150.0,150.0,North
10530,2026-03-05,5002,Desk Lamp,Office Supplies,2,50.0,100.0,South
10531,2026-03-05,5058,Tablet,Electronics,1,450.0,450.0,East
10532,2026-03-05,5107,Tablet,Electronics,3,450.0,1350.0,East
10533,2026-03-05,5123,Laptop,Electronics,3,1200.0,3600.0,East
10534,2026-03-05,5114,Phone Case,Accessories,2,20.0,40.0,North
10535,2026-03-07,5107,Wireless Earbuds,Electronics,1,150.0,150.0,East
10536,2026-03-07,5037,Ergonomic Chair,Office Supplies,3,280.0,840.0,South
10537,2026-03-07,5079,Backpack,Accessories,1,65.0,65.0,North
10538,2026-03-08,5092,Planner,Office Supplies,1,18.0,18.0,East
10539,2026-03-08,5018,Tablet,Electronics,1,450.0,450.0,West
10540,2026-03-08,5098,Ergonomic Chair,Office Supplies,2,280.0,560.0,South
10541,2026-03-09,5063,USB-C Cable,Accessories,1,15.0,15.0,North
10542,2026-03-09,5150,USB-C Cable,Accessories,1,15.0,15.0,East
10543,2026-03-10,5139,Ergonomic Chair,Office Supplies,5,280.0,1400.0,North
10544,2026-03-10,5004,USB-C Cable,Accessories,3,15.0,45.0,North
10545,2026-03-11,5135,Phone Case,Accessories,1,20.0,20.0,West
10546,2026-03-11,5061,Smartphone,Electronics,1,800.0,800.0,South
10547,2026-03-11,5107,Laptop,Electronics,2,1200.0,2400.0,East
10548,2026-03-11,5054,Notebook,Office Supplies,1,12.0,12.0,West
10549,2026-03-12,5088,Phone Case,Accessories,1,20.0,20.0,West
10550,2026-03-14,5068,USB-C Cable,Accessories,1,15.0,15.0,East
10551,2026-03-14,5129,Laptop Stand,Accessories,3,45.0,135.0,North
10552,2026-03-14,5055,Smartphone,Electronics,2,800.0,1600.0,South
10553,2026-03-15,5003,Smartphone,Electronics,2,800.0,1600.0,East
10554,2026-03-15,5121,Phone Case,Accessories,3,20.0,60.0,North
10555,2026-03-15,5129,Backpack,Accessories,1,65.0,65.0,North
10556,2026-03-15,5102,Tablet,Electronics,1,450.0,450.0,East
10557,2026-03-16,5038,Laptop Stand,Accessories,1,45.0,45.0,South
10558,2026-03-16,5085,Laptop,Electronics,1,1200.0,1200.0,North
10559,2026-03-16,5133,Power Bank,Accessories,1,35.0,35.0,North
10560,2026-03-17,5092,Smartwatch,Electronics,2,250.0,500.0,East
10561,2026-03-18,5021,USB-C Cable,Accessories,2,15.0,30.0,North
10562,2026-03-18,5109,Wireless Earbuds,Electronics,3,150.0,450.0,East
10563,2026-03-19,5047,Backpack,Accessories,1,65.0,65.0,West
10564,2026-03-19,5084,Laptop,Electronics,2,1200.0,2400.0,North
10565,2026-03-20,5083,Laptop,Electronics,2,1200.0,2400.0,East
10566,2026-03-20,5035,Wireless Earbuds,Electronics,1,150.0,150.0,North
10567,2026-03-20,5069,Backpack,Accessories,2,65.0,130.0,North
10568,2026-03-21,5129,Power Bank,Accessories,1,35.0,35.0,North
10569,2026-03-21,5140,Smartwatch,Electronics,1,250.0,250.0,East
10570,2026-03-21,5027,Phone Case,Accessories,1,20.0,20.0,South
10571,2026-03-25,5056,Ergonomic Chair,Office Supplies,1,280.0,280.0,South
10572,2026-03-25,5023,USB-C Cable,Accessories,1,15.0,15.0,East
10573,2026-03-25,5021,Laptop,Electronics,2,1200.0,2400.0,North
10574,2026-03-26,5061,Laptop Stand,Accessories,4,45.0,180.0,South
10575,2026-03-26,5063,Smartphone,Electronics,2,800.0,1600.0,North
10576,2026-03-27,5122,Smartwatch,Electronics,2,250.0,500.0,South
10577,2026-03-27,5052,Pen Set,Office Supplies,1,10.0,10.0,West
10578,2026-03-27,5088,Smartphone,Electronics,2,800.0,1600.0,West
10579,2026-03-28,5055,Laptop Stand,Accessories,1,45.0,45.0,South
10580,2026-03-28,5046,Phone Case,Accessories,1,20.0,20.0,South
10581,2026-03-28,5032,Phone Case,Accessories,1,20.0,20.0,East
10579,2026-03-28,5055,Power Bank,Accessories,1,35.0,35.0,South
10582,2026-03-28,5096,Laptop,Electronics,1,1200.0,1200.0,East
10583,2026-03-29,5133,Wireless Earbuds,Electronics,1,150.0,150.0,North
10584,2026-03-29,5036,Laptop Stand,Accessories,1,45.0,45.0,East
10585,2026-03-30,5110,Smartphone,Electronics,4,800.0,3200.0,South
10586,2026-03-30,5106,Wireless Earbuds,Electronics,1,150.0,150.0,North
10587,2026-03-30,5058,Laptop,Electronics,1,1200.0,1200.0,East
10588,2026-03-30,5039,Laptop,Electronics,1,1200.0,1200.0,West
10589,2026-03-30,5080,Wireless Earbuds,Electronics,2,150.0,300.0,South
10590,2026-03-30,5097,Smartphone,Electronics,1,800.0,800.0,East
10591,2026-03-31,5113,Power Bank,Accessories,1,35.0,35.0,East
10592,2026-03-31,5061,Phone Case,Accessories,1,20.0,20.0,South
10593,2026-03-31,5137,USB-C Cable,Accessories,1,15.0,15.0,West
10594,2026-03-31,5006,Tablet,Electronics,1,450.0,450.0,North
10595,2026-03-31,5109,Smartphone,Electronics,1,800.0,800.0,East
10596,2026-04-02,5035,Smartphone,Electronics,1,800.0,800.0,North
10597,2026-04-02,5039,Phone Case,Accessories,1,20.0,20.0,West
10598,2026-04-02,5150,Phone Case,Accessories,1,20.0,20.0,East
10599,2026-04-02,5118,Laptop,Electronics,2,1200.0,2400.0,East
10600,2026-04-02,5005,Notebook,Office Supplies,1,12.0,12.0,North
10601,2026-04-02,5087,Laptop,Electronics,1,1200.0,1200.0,West
10602,2026-04-02,5076,Power Bank,Accessories,1,35.0,35.0,East
10603,2026-04-03,5057,Phone Case,Accessories,3,20.0,60.0,West
10604,2026-04-04,5127,Desk Lamp,Office Supplies,1,50.0,50.0,East
10605,2026-04-04,5029,Phone Case,Accessories,1,20.0,20.0,East
10606,2026-04-04,5087,USB-C Cable,Accessories,2,15.0,30.0,West
10607,2026-04-05,5141,Wireless Earbuds,Electronics,1,150.0,150.0,South
10608,2026-04-05,5046,USB-C Cable,Accessories,1,15.0,15.0,South
10609,2026-04-05,5116,Smartphone,Electronics,1,800.0,800.0,West
10610,2026-04-05,5112,Desk Lamp,Office Supplies,3,50.0,150.0,North
10611,2026-04-05,5045,Power Bank,Accessories,1,35.0,35.0,West
10612,2026-04-06,5145,USB-C Cable,Accessories,2,15.0,30.0,North
10613,2026-04-06,5104,Backpack,Accessories,5,65.0,325.0,East
10614,2026-04-06,5085,Phone Case,Accessories,1,20.0,20.0,North
10615,2026-04-06,5134,Laptop Stand,Accessories,1,45.0,45.0,East
10616,2026-04-07,5108,USB-C Cable,Accessories,1,15.0,15.0,North
10617,2026-04-07,5018,Smartphone,Electronics,1,800.0,800.0,West
10618,2026-04-07,5094,Laptop,Electronics,1,1200.0,1200.0,East
10619,2026-04-07,5150,Smartwatch,Electronics,3,250.0,750.0,East
10620,2026-04-08,5033,Smartphone,Electronics,2,800.0,1600.0,North
10621,2026-04-08,5126,Desk Lamp,Office Supplies,2,50.0,100.0,West
10622,2026-04-08,5122,Tablet,Electronics,1,450.0,450.0,South
10623,2026-04-09,5138,Pen Set,Office Supplies,2,10.0,20.0,South
10624,2026-04-09,5115,Wireless Earbuds,Electronics,4,150.0,600.0,West
10625,2026-04-09,5028,Tablet,Electronics,2,450.0,900.0,South
10626,2026-04-09,5011,USB-C Cable,Accessories,1,15.0,15.0,South
10627,2026-04-09,5047,Phone Case,Accessories,2,20.0,40.0,West
10628,2026-04-10,5127,Laptop Stand,Accessories,1,45.0,45.0,East
10629,2026-04-10,5147,Power Bank,Accessories,1,35.0,35.0,North
10630,2026-04-11,5118,Phone Case,Accessories,1,20.0,20.0,East
10631,2026-04-11,5143,Tablet,Electronics,2,450.0,900.0,North
10632,2026-04-11,5126,Pen Set,Office Supplies,2,10.0,20.0,West
10633,2026-04-11,5072,Pen Set,Office Supplies,1,10.0,10.0,North
10634,2026-04-11,5107,Phone Case,Accessories,1,20.0,20.0,East
10635,2026-04-12,5137,Tablet,Electronics,1,450.0,450.0,West
10636,2026-04-12,5033,Phone Case,Accessories,1,20.0,20.0,North
10637,2026-04-13,5019,Laptop,Electronics,1,1200.0,1200.0,East
10638,2026-04-13,5074,Laptop,Electronics,1,1200.0,1200.0,South
10639,2026-04-13,5098,Smartwatch,Electronics,2,250.0,500.0,South
10640,2026-04-13,5141,Backpack,Accessories,1,65.0,65.0,South
10641,2026-04-13,5129,Ergonomic Chair,Office Supplies,1,280.0,280.0,North
10642,2026-04-15,5093,Phone Case,Accessories,1,20.0,20.0,North
10643,2026-04-15,5048,USB-C Cable,Accessories,3,15.0,45.0,West
10644,2026-04-15,5064,Backpack,Accessories,2,65.0,130.0,West
10645,2026-04-15,5061,Wireless Earbuds,Electronics,2,150.0,300.0,South
10646,2026-04-15,5039,Wireless Earbuds,Electronics,1,150.0,150.0,West
10647,2026-04-15,5128,Pen Set,Office Supplies,1,10.0,10.0,East
10648,2026-04-15,5088,Laptop,Electronics,1,1200.0,1200.0,West
10649,2026-04-15,5026,Ergonomic Chair,Office Supplies,2,280.0,560.0,North
10650,2026-04-16,5017,Power Bank,Accessories,3,35.0,105.0,South
10651,2026-04-17,5071,Backpack,Accessories,2,65.0,130.0,North
10652,2026-04-17,5013,Phone Case,Accessories,3,20.0,60.0,North
10653,2026-04-18,5069,Laptop Stand,Accessories,2,45.0,90.0,North
10654,2026-04-18,5026,Desk Lamp,Office Supplies,1,50.0,50.0,North
10655,2026-04-18,5049,Notebook,Office Supplies,3,12.0,36.0,East
10656,2026-04-19,5007,Backpack,Accessories,1,65.0,65.0,North
10657,2026-04-19,5058,Smartwatch,Electronics,1,250.0,250.0,East
10658,2026-04-19,5049,Power Bank,Accessories,1,35.0,35.0,East
10659,2026-04-20,5103,Notebook,Office Supplies,1,12.0,12.0,South
10660,2026-04-20,5053,Tablet,Electronics,1,450.0,450.0,North
10661,2026-04-20,5062,Phone Case,Accessories,1,20.0,20.0,East
10662,2026-04-21,5017,Phone Case,Accessories,1,20.0,20.0,South
10663,2026-04-21,5025,USB-C Cable,Accessories,1,15.0,15.0,West
10664,2026-04-21,5131,Smartphone,Electronics,1,800.0,800.0,East
10665,2026-04-21,5029,Phone Case,Accessories,1,20.0,20.0,East
10666,2026-04-21,5117,Notebook,Office Supplies,1,12.0,12.0,West
10667,2026-04-22,5026,Smartphone,Electronics,1,800.0,800.0,North
10668,2026-04-22,5124,Smartwatch,Electronics,2,250.0,500.0,West
10669,2026-04-22,5144,Pen Set,Office Supplies,2,10.0,20.0,South
10670,2026-04-23,5025,Tablet,Electronics,2,450.0,900.0,West
10671,2026-04-24,5054,Ergonomic Chair,Office Supplies,2,280.0,560.0,West
10672,2026-04-24,5073,Laptop Stand,Accessories,1,45.0,45.0,South
10673,2026-04-24,5120,Smartwatch,Electronics,2,250.0,500.0,North
10674,2026-04-24,5056,Desk Lamp,Office Supplies,1,50.0,50.0,South
10675,2026-04-25,5065,Backpack,Accessories,1,65.0,65.0,West
10676,2026-04-25,5093,Laptop Stand,Accessories,2,45.0,90.0,North
10677,2026-04-26,5086,Wireless Earbuds,Electronics,1,150.0,150.0,North
10678,2026-04-28,5080,Power Bank,Accessories,2,35.0,70.0,South
10679,2026-04-28,5108,Smartphone,Electronics,2,800.0,1600.0,North
10680,2026-04-29,5118,Wireless Earbuds,Electronics,3,150.0,450.0,East
10681,2026-04-29,5083,Planner,Office Supplies,3,18.0,54.0,East
10682,2026-04-29,5147,Smartwatch,Electronics,1,250.0,250.0,North
10683,2026-04-29,5015,Phone Case,Accessories,1,20.0,20.0,North
10684,2026-04-29,5131,Wireless Earbuds,Electronics,1,150.0,150.0,East
10685,2026-04-29,5139,USB-C Cable,Accessories,1,15.0,15.0,North
10686,2026-05-01,5030,Smartphone,Electronics,2,800.0,1600.0,East
10687,2026-05-01,5057,Planner,Office Supplies,2,18.0,36.0,West
10688,2026-05-01,5146,Backpack,Accessories,2,65.0,130.0,North
10689,2026-05-01,5128,Smartwatch,Electronics,1,250.0,250.0,East
10690,2026-05-02,5048,Laptop,Electronics,1,1200.0,1200.0,West
10691,2026-05-02,5136,Smartphone,Electronics,1,800.0,800.0,West
10692,2026-05-02,5022,Laptop Stand,Accessories,1,45.0,45.0,North
10693,2026-05-03,5006,Wireless Earbuds,Electronics,3,150.0,450.0,North
10694,2026-05-03,5104,USB-C Cable,Accessories,1,15.0,15.0,East
10695,2026-05-04,5036,Backpack,Accessories,1,65.0,65.0,East
10696,2026-05-04,5079,Smartwatch,Electronics,1,250.0,250.0,North
10697,2026-05-04,5116,Phone Case,Accessories,2,20.0,40.0,West
10698,2026-05-04,5057,Phone Case,Accessories,2,20.0,40.0,West
10699,2026-05-04,5049,Smartphone,Electronics,1,800.0,800.0,East
10700,2026-05-04,5082,Smartphone,Electronics,1,800.0,800.0,North
10701,2026-05-04,5066,Laptop,Electronics,1,1200.0,1200.0,North
10702,2026-05-05,5077,USB-C Cable,Accessories,1,15.0,15.0,East
10703,2026-05-05,5045,Phone Case,Accessories,2,20.0,40.0,West
10704,2026-05-05,5079,Backpack,Accessories,2,65.0,130.0,North
10705,2026-05-05,5020,Ergonomic Chair,Office Supplies,1,280.0,280.0,North
10706,2026-05-05,5123,USB-C Cable,Accessories,1,15.0,15.0,East
10707,2026-05-05,5067,Power Bank,Accessories,5,35.0,175.0,East
10708,2026-05-06,5083,Ergonomic Chair,Office Supplies,1,280.0,280.0,East
10709,2026-05-06,5003,Tablet,Electronics,2,450.0,900.0,East
10710,2026-05-06,5064,Smartphone,Electronics,1,800.0,800.0,West
10711,2026-05-07,5040,Smartwatch,Electronics,1,250.0,250.0,West
10712,2026-05-07,5059,Laptop,Electronics,1,1200.0,1200.0,East
10713,2026-05-07,5062,Power Bank,Accessories,1,35.0,35.0,East
10714,2026-05-08,5132,Notebook,Office Supplies,4,12.0,48.0,East
10715,2026-05-08,5060,Laptop,Electronics,1,1200.0,1200.0,East
10716,2026-05-09,5116,Smartphone,Electronics,1,800.0,800.0,West
10717,2026-05-09,5075,Backpack,Accessories,1,65.0,65.0,East
10718,2026-05-09,5122,Notebook,Office Supplies,1,12.0,12.0,South
10719,2026-05-10,5107,Wireless Earbuds,Electronics,1,150.0,150.0,East
10720,2026-05-10,5096,Laptop Stand,Accessories,1,45.0,45.0,East
10721,2026-05-11,5091,Laptop,Electronics,2,1200.0,2400.0,East
10722,2026-05-11,5130,Smartphone,Electronics,1,800.0,800.0,North
10723,2026-05-11,5062,Pen Set,Office Supplies,1,10.0,10.0,East
10724,2026-05-11,5049,Planner,Office Supplies,3,18.0,54.0,East
10725,2026-05-11,5137,Laptop,Electronics,1,1200.0,1200.0,West
10726,2026-05-12,5092,Planner,Office Supplies,4,18.0,72.0,East
10727,2026-05-12,5124,Phone Case,Accessories,1,20.0,20.0,West
10728,2026-05-13,5061,Ergonomic Chair,Office Supplies,3,280.0,840.0,South
10729,2026-05-14,5048,Backpack,Accessories,2,65.0,130.0,West
10730,2026-05-14,5136,Laptop Stand,Accessories,2,45.0,90.0,West
10731,2026-05-15,5058,Laptop Stand,Accessories,5,45.0,225.0,East
10732,2026-05-16,5101,Phone Case,Accessories,1,20.0,20.0,South
10733,2026-05-16,5112,Smartphone,Electronics,4,800.0,3200.0,North
10734,2026-05-16,5062,Laptop,Electronics,1,1200.0,1200.0,East
10735,2026-05-16,5039,Wireless Earbuds,Electronics,1,150.0,150.0,West
10736,2026-05-16,5058,Phone Case,Accessories,1,20.0,20.0,East
10737,2026-05-16,5099,Tablet,Electronics,1,450.0,450.0,East
10738,2026-05-17,5044,Phone Case,Accessories,1,20.0,20.0,South
10739,2026-05-17,5029,Planner,Office Supplies,1,18.0,18.0,East
10740,2026-05-19,5059,Smartphone,Electronics,1,800.0,800.0,East
10741,2026-05-19,5071,Phone Case,Accessories,2,20.0,40.0,North
10742,2026-05-20,5092,Backpack,Accessories,2,65.0,130.0,East
10743,2026-05-20,5009,Ergonomic Chair,Office Supplies,1,280.0,280.0,South
10744,2026-05-20,5127,Smartphone,Electronics,1,800.0,800.0,East
10745,2026-05-20,5134,Phone Case,Accessories,1,20.0,20.0,East
10746,2026-05-20,5145,Ergonomic Chair,Office Supplies,1,280.0,280.0,North
10747,2026-05-21,5144,Planner,Office Supplies,1,18.0,18.0,South
10748,2026-05-22,5131,Phone Case,Accessories,1,20.0,20.0,East
10749,2026-05-23,5021,Laptop Stand,Accessories,1,45.0,45.0,North
10750,2026-05-23,5064,Phone Case,Accessories,4,20.0,80.0,West
10751,2026-05-23,5090,Ergonomic Chair,Office Supplies,1,280.0,280.0,West
10752,2026-05-23,5036,Power Bank,Accessories,1,35.0,35.0,East
10753,2026-05-24,5062,Laptop,Electronics,1,1200.0,1200.0,East
10754,2026-05-24,5076,Notebook,Office Supplies,1,12.0,12.0,East
10755,2026-05-25,5013,Phone Case,Accessories,1,20.0,20.0,North
10756,2026-05-25,5011,Phone Case,Accessories,2,20.0,40.0,South
10757,2026-05-25,5054,Tablet,Electronics,1,450.0,450.0,West
10758,2026-05-25,5016,Phone Case,Accessories,1,20.0,20.0,North
10759,2026-05-26,5008,Wireless Earbuds,Electronics,5,150.0,750.0,West
10760,2026-05-26,5104,Phone Case,Accessories,3,20.0,60.0,East
10761,2026-05-27,5059,Smartphone,Electronics,2,800.0,1600.0,East
10762,2026-05-27,5057,Phone Case,Accessories,1,20.0,20.0,West
10763,2026-05-27,5040,Pen Set,Office Supplies,2,10.0,20.0,West
10764,2026-05-29,5130,Laptop,Electronics,1,1200.0,1200.0,North
10765,2026-05-29,5094,Pen Set,Office Supplies,1,10.0,10.0,East
10766,2026-05-29,5138,Wireless Earbuds,Electronics,1,150.0,150.0,South
10767,2026-05-29,5044,Desk Lamp,Office Supplies,1,50.0,50.0,South
10768,2026-05-29,5139,USB-C Cable,Accessories,1,15.0,15.0,North
10769,2026-05-29,5080,Power Bank,Accessories,1,35.0,35.0,South
10770,2026-05-30,5081,USB-C Cable,Accessories,4,15.0,60.0,North
10771,2026-05-31,5002,Desk Lamp,Office Supplies,3,50.0,150.0,South
10772,2026-05-31,5140,Wireless Earbuds,Electronics,2,150.0,300.0,East
10773,2026-06-01,5115,Wireless Earbuds,Electronics,1,150.0,150.0,West
10774,2026-06-01,5090,Phone Case,Accessories,3,20.0,60.0,West
10775,2026-06-01,5023,USB-C Cable,Accessories,1,15.0,15.0,East
10776,2026-06-01,5146,USB-C Cable,Accessories,2,15.0,30.0,North
10777,2026-06-01,5062,USB-C Cable,Accessories,1,15.0,15.0,East
10778,2026-06-02,5113,Backpack,Accessories,2,65.0,130.0,East
10779,2026-06-02,5128,USB-C Cable,Accessories,1,15.0,15.0,East
10780,2026-06-03,5062,Smartphone,Electronics,3,800.0,2400.0,East
10781,2026-06-03,5038,Power Bank,Accessories,3,35.0,105.0,South
10782,2026-06-03,5061,Laptop,Electronics,1,1200.0,1200.0,South
10783,2026-06-04,5129,Wireless Earbuds,Electronics,1,150.0,150.0,North
10784,2026-06-04,5149,Wireless Earbuds,Electronics,5,150.0,750.0,East
10785,2026-06-04,5122,Wireless Earbuds,Electronics,1,150.0,150.0,South
10786,2026-06-04,5110,Phone Case,Accessories,3,20.0,60.0,South
10787,2026-06-04,5013,Wireless Earbuds,Electronics,1,150.0,150.0,North
10788,2026-06-05,5100,Backpack,Accessories,1,65.0,65.0,West
10789,2026-06-05,5135,Smartwatch,Electronics,1,250.0,250.0,West
10790,2026-06-05,5022,Wireless Earbuds,Electronics,1,150.0,150.0,North
10791,2026-06-05,5074,Tablet,Electronics,2,450.0,900.0,South
10792,2026-06-06,5132,Laptop,Electronics,1,1200.0,1200.0,East
10793,2026-06-06,5023,Power Bank,Accessories,1,35.0,35.0,East
10794,2026-06-06,5119,Phone Case,Accessories,1,20.0,20.0,East
10795,2026-06-07,5070,Phone Case,Accessories,1,20.0,20.0,West
10796,2026-06-07,5084,Backpack,Accessories,3,65.0,195.0,North
10797,2026-06-07,5101,Wireless Earbuds,Electronics,5,150.0,750.0,South
10796,2026-06-07,5084,Ergonomic Chair,Office Supplies,1,280.0,280.0,North
10798,2026-06-07,5028,Laptop Stand,Accessories,2,45.0,90.0,South
10799,2026-06-09,5136,Backpack,Accessories,2,65.0,130.0,West
10800,2026-06-09,5001,Laptop,Electronics,1,1200.0,1200.0,North
10801,2026-06-09,5063,Wireless Earbuds,Electronics,4,150.0,600.0,North
10802,2026-06-10,5022,Wireless Earbuds,Electronics,1,150.0,150.0,North
10803,2026-06-10,5070,Wireless Earbuds,Electronics,1,150.0,150.0,West
10804,2026-06-10,5125,Power Bank,Accessories,3,35.0,105.0,North
10805,2026-06-10,5149,Power Bank,Accessories,1,35.0,35.0,East
10806,2026-06-10,5096,Power Bank,Accessories,2,35.0,70.0,East
10807,2026-06-11,5079,USB-C Cable,Accessories,3,15.0,45.0,North
10808,2026-06-11,5005,USB-C Cable,Accessories,1,15.0,15.0,North
10809,2026-06-13,5060,Phone Case,Accessories,3,20.0,60.0,East
10810,2026-06-13,5120,Planner,Office Supplies,1,18.0,18.0,North
10811,2026-06-14,5046,Laptop,Electronics,1,1200.0,1200.0,South
10812,2026-06-14,5134,Tablet,Electronics,2,450.0,900.0,East
10813,2026-06-15,5056,Laptop,Electronics,3,1200.0,3600.0,South
10814,2026-06-15,5110,Phone Case,Accessories,1,20.0,20.0,South
10815,2026-06-15,5104,Desk Lamp,Office Supplies,1,50.0,50.0,East
10816,2026-06-15,5077,Smartwatch,Electronics,2,250.0,500.0,East
10817,2026-06-16,5146,Notebook,Office Supplies,2,12.0,24.0,North
10818,2026-06-17,5002,Laptop,Electronics,2,1200.0,2400.0,South
10819,2026-06-19,5008,Notebook,Office Supplies,1,12.0,12.0,West
10820,2026-06-20,5075,Wireless Earbuds,Electronics,1,150.0,150.0,East
10821,2026-06-21,5125,Smartphone,Electronics,1,800.0,800.0,North
10822,2026-06-21,5038,Laptop Stand,Accessories,2,45.0,90.0,South
10823,2026-06-22,5027,Smartwatch,Electronics,1,250.0,250.0,South
10824,2026-06-22,5020,Smartwatch,Electronics,1,250.0,250.0,North
10825,2026-06-22,5140,Wireless Earbuds,Electronics,4,150.0,600.0,East
10826,2026-06-23,5043,USB-C Cable,Accessories,1,15.0,15.0,East
10827,2026-06-23,5031,Power Bank,Accessories,5,35.0,175.0,East
10828,2026-06-24,5091,Wireless Earbuds,Electronics,2,150.0,300.0,East
10829,2026-06-24,5061,Phone Case,Accessories,2,20.0,40.0,South
10830,2026-06-24,5109,Phone Case,Accessories,1,20.0,20.0,East
10828,2026-06-24,5091,Smartwatch,Electronics,1,250.0,250.0,East
10831,2026-06-25,5095,Wireless Earbuds,Electronics,2,150.0,300.0,East
10832,2026-06-25,5143,Smartphone,Electronics,2,800.0,1600.0,North
10833,2026-06-25,5144,Tablet,Electronics,2,450.0,900.0,South
10834,2026-06-25,5013,Phone Case,Accessories,1,20.0,20.0,North
10835,2026-06-25,5113,Tablet,Electronics,2,450.0,900.0,East
10836,2026-06-26,5035,Laptop Stand,Accessories,2,45.0,90.0,North
10837,2026-06-26,5149,Phone Case,Accessories,2,20.0,40.0,East
10838,2026-06-27,5048,Smartphone,Electronics,2,800.0,1600.0,West
10839,2026-06-27,5035,Power Bank,Accessories,2,35.0,70.0,North
10840,2026-06-27,5086,Smartwatch,Electronics,2,250.0,500.0,North
10841,2026-06-28,5114,Planner,Office Supplies,1,18.0,18.0,North
10842,2026-06-28,5100,Laptop Stand,Accessories,1,45.0,45.0,West
10843,2026-06-29,5099,USB-C Cable,Accessories,1,15.0,15.0,East
10844,2026-06-29,5003,Power Bank,Accessories,1,35.0,35.0,East
10845,2026-06-29,5085,Laptop,Electronics,1,1200.0,1200.0,North
10846,2026-06-30,5125,Phone Case,Accessories,1,20.0,20.0,North
10847,2026-07-01,5138,Planner,Office Supplies,1,18.0,18.0,South
10848,2026-07-01,5083,Power Bank,Accessories,1,35.0,35.0,East
10849,2026-07-02,5025,USB-C Cable,Accessories,2,15.0,30.0,West
10850,2026-07-02,5068,Desk Lamp,Office Supplies,3,50.0,150.0,East
10851,2026-07-02,5061,Tablet,Electronics,1,450.0,450.0,South
10852,2026-07-03,5029,Tablet,Electronics,4,450.0,1800.0,East
10853,2026-07-03,5127,Phone Case,Accessories,1,20.0,20.0,East
10854,2026-07-03,5019,Wireless Earbuds,Electronics,1,150.0,150.0,East
10855,2026-07-04,5074,Ergonomic Chair,Office Supplies,1,280.0,280.0,South
10856,2026-07-04,5061,Notebook,Office Supplies,1,12.0,12.0,South
10857,2026-07-05,5020,Wireless Earbuds,Electronics,2,150.0,300.0,North
10858,2026-07-05,5048,Smartwatch,Electronics,2,250.0,500.0,West
10859,2026-07-05,5087,USB-C Cable,Accessories,1,15.0,15.0,West
10860,2026-07-06,5139,Smartwatch,Electronics,1,250.0,250.0,North
10861,2026-07-06,5110,USB-C Cable,Accessories,1,15.0,15.0,South
10862,2026-07-06,5028,Backpack,Accessories,1,65.0,65.0,South
10863,2026-07-07,5059,Phone Case,Accessories,1,20.0,20.0,East
10864,2026-07-07,5133,Smartphone,Electronics,1,800.0,800.0,North
10865,2026-07-07,5051,Phone Case,Accessories,2,20.0,40.0,North
10866,2026-07-08,5149,Backpack,Accessories,3,65.0,195.0,East
10867,2026-07-08,5012,Power Bank,Accessories,1,35.0,35.0,East
10868,2026-07-08,5050,Smartphone,Electronics,3,800.0,2400.0,North
10869,2026-07-08,5132,USB-C Cable,Accessories,1,15.0,15.0,East
10870,2026-07-09,5113,Ergonomic Chair,Office Supplies,1,280.0,280.0,East
10871,2026-07-09,5014,Tablet,Electronics,1,450.0,450.0,South
10872,2026-07-09,5032,Smartphone,Electronics,2,800.0,1600.0,East
10873,2026-07-09,5139,Laptop,Electronics,4,1200.0,4800.0,North
10874,2026-07-10,5146,Phone Case,Accessories,2,20.0,40.0,North
10875,2026-07-10,5055,Power Bank,Accessories,1,35.0,35.0,South
10876,2026-07-11,5120,Power Bank,Accessories,2,35.0,70.0,North
10877,2026-07-11,5075,Smartwatch,Electronics,1,250.0,250.0,East
10878,2026-07-11,5021,Wireless Earbuds,Electronics,3,150.0,450.0,North
10879,2026-07-12,5133,Power Bank,Accessories,1,35.0,35.0,North
10880,2026-07-12,5087,Laptop Stand,Accessories,1,45.0,45.0,West
10881,2026-07-13,5059,Pen Set,Office Supplies,1,10.0,10.0,East
10882,2026-07-13,5089,Smartphone,Electronics,2,800.0,1600.0,East
10883,2026-07-14,5150,Phone Case,Accessories,1,20.0,20.0,East
10884,2026-07-14,5083,Wireless Earbuds,Electronics,2,150.0,300.0,East
10885,2026-07-14,5065,Backpack,Accessories,1,65.0,65.0,West
10886,2026-07-15,5064,Phone Case,Accessories,2,20.0,40.0,West
10887,2026-07-15,5071,Phone Case,Accessories,2,20.0,40.0,North
10888,2026-07-16,5004,Pen Set,Office Supplies,2,10.0,20.0,North
10889,2026-07-16,5143,Smartphone,Electronics,1,800.0,800.0,North
10890,2026-07-16,5104,Smartphone,Electronics,1,800.0,800.0,East
10891,2026-07-17,5150,Phone Case,Accessories,1,20.0,20.0,East
10892,2026-07-17,5093,Power Bank,Accessories,2,35.0,70.0,North
10893,2026-07-17,5142,Smartwatch,Electronics,1,250.0,250.0,North
10894,2026-07-17,5148,Laptop,Electronics,1,1200.0,1200.0,North
10895,2026-07-18,5112,Smartphone,Electronics,1,800.0,800.0,North
10896,2026-07-18,5119,Desk Lamp,Office Supplies,1,50.0,50.0,East
10897,2026-07-18,5059,Tablet,Electronics,2,450.0,900.0,East
10898,2026-07-19,5043,Wireless Earbuds,Electronics,1,150.0,150.0,East
10899,2026-07-20,5012,Tablet,Electronics,2,450.0,900.0,East
10900,2026-07-21,5040,Wireless Earbuds,Electronics,1,150.0,150.0,West
10901,2026-07-21,5118,Laptop,Electronics,1,1200.0,1200.0,East
10902,2026-07-21,5020,Laptop Stand,Accessories,1,45.0,45.0,North
10903,2026-07-22,5131,Laptop,Electronics,1,1200.0,1200.0,East
10904,2026-07-22,5090,USB-C Cable,Accessories,1,15.0,15.0,West
10905,2026-07-22,5094,Smartwatch,Electronics,2,250.0,500.0,East
10906,2026-07-22,5013,Power Bank,Accessories,1,35.0,35.0,North
10907,2026-07-24,5066,Desk Lamp,Office Supplies,2,50.0,100.0,North
10908,2026-07-26,5037,Phone Case,Accessories,1,20.0,20.0,South
10909,2026-07-26,5066,Power Bank,Accessories,1,35.0,35.0,North
10910,2026-07-26,5036,Wireless Earbuds,Electronics,2,150.0,300.0,East
10911,2026-07-26,5026,Wireless Earbuds,Electronics,1,150.0,150.0,North
10912,2026-07-27,5075,Phone Case,Accessories,1,20.0,20.0,East
10913,2026-07-27,5108,Pen Set,Office Supplies,1,10.0,10.0,North
10914,2026-07-28,5043,Phone Case,Accessories,1,20.0,20.0,East
10915,2026-07-28,5150,Power Bank,Accessories,2,35.0,70.0,East
10916,2026-07-29,5148,USB-C Cable,Accessories,1,15.0,15.0,North
10917,2026-07-29,5008,Backpack,Accessories,2,65.0,130.0,West
10918,2026-07-29,5029,Laptop,Electronics,3,1200.0,3600.0,East
10919,2026-07-29,5040,Power Bank,Accessories,1,35.0,35.0,West
10920,2026-07-30,5128,Planner,Office Supplies,3,18.0,54.0,East
10921,2026-07-30,5084,Smartphone,Electronics,1,800.0,800.0,North
10922,2026-07-31,5116,Phone Case,Accessories,4,20.0,80.0,West
10923,2026-07-31,5144,Tablet,Electronics,1,450.0,450.0,South
10924,2026-07-31,5062,Power Bank,Accessories,2,35.0,70.0,East
10925,2026-07-31,5007,Smartphone,Electronics,1,800.0,800.0,North
10926,2026-07-31,5045,Backpack,Accessories,1,65.0,65.0,West
10927,2026-08-01,5088,USB-C Cable,Accessories,2,15.0,30.0,West
10928,2026-08-01,5073,Wireless Earbuds,Electronics,2,150.0,300.0,South
10929,2026-08-01,5037,Phone Case,Accessories,1,20.0,20.0,South
10930,2026-08-02,5119,USB-C Cable,Accessories,1,15.0,15.0,East
10931,2026-08-02,5057,Notebook,Office Supplies,2,12.0,24.0,West
10932,2026-08-02,5008,Smartwatch,Electronics,2,250.0,500.0,West
10933,2026-08-02,5095,Wireless Earbuds,Electronics,4,150.0,600.0,East
10934,2026-08-02,5117,Smartphone,Electronics,2,800.0,1600.0,West
10935,2026-08-02,5110,Pen Set,Office Supplies,4,10.0,40.0,South
10936,2026-08-03,5020,Notebook,Office Supplies,2,12.0,24.0,North
10937,2026-08-04,5124,Power Bank,Accessories,1,35.0,35.0,West
10938,2026-08-04,5053,Ergonomic Chair,Office Supplies,1,280.0,280.0,North
10939,2026-08-05,5119,Laptop Stand,Accessories,2,45.0,90.0,East
10940,2026-08-05,5012,Phone Case,Accessories,2,20.0,40.0,East
10941,2026-08-06,5017,Smartphone,Electronics,1,800.0,800.0,South
10942,2026-08-06,5064,USB-C Cable,Accessories,1,15.0,15.0,West
10943,2026-08-06,5042,Smartphone,Electronics,4,800.0,3200.0,South
10944,2026-08-06,5094,USB-C Cable,Accessories,1,15.0,15.0,East
10945,2026-08-06,5147,USB-C Cable,Accessories,1,15.0,15.0,North
10946,2026-08-06,5011,Phone Case,Accessories,1,20.0,20.0,South
10947,2026-08-06,5098,Laptop,Electronics,1,1200.0,1200.0,South
10948,2026-08-07,5071,Wireless Earbuds,Electronics,1,150.0,150.0,North
10949,2026-08-08,5108,Smartwatch,Electronics,1,250.0,250.0,North
10950,2026-08-08,5058,Wireless Earbuds,Electronics,1,150.0,150.0,East
10951,2026-08-08,5034,Smartphone,Electronics,2,800.0,1600.0,East
10952,2026-08-08,5020,Notebook,Office Supplies,1,12.0,12.0,North
10953,2026-08-09,5050,Power Bank,Accessories,2,35.0,70.0,North
10954,2026-08-09,5102,Wireless Earbuds,Electronics,3,150.0,450.0,East
10955,2026-08-09,5138,Wireless Earbuds,Electronics,1,150.0,150.0,South
10956,2026-08-09,5052,Backpack,Accessories,2,65.0,130.0,West
10957,2026-08-09,5015,Power Bank,Accessories,1,35.0,35.0,North
10958,2026-08-10,5084,Laptop Stand,Accessories,3,45.0,135.0,North
10959,2026-08-10,5131,Notebook,Office Supplies,1,12.0,12.0,East
10960,2026-08-10,5037,Laptop Stand,Accessories,2,45.0,90.0,South
10961,2026-08-10,5126,Pen Set,Office Supplies,2,10.0,20.0,West
10962,2026-08-11,5040,Ergonomic Chair,Office Supplies,1,280.0,280.0,West
10963,2026-08-11,5072,Tablet,Electronics,1,450.0,450.0,North
10964,2026-08-12,5040,Notebook,Office Supplies,2,12.0,24.0,West
10965,2026-08-12,5056,Smartphone,Electronics,2,800.0,1600.0,South
10966,2026-08-12,5104,USB-C Cable,Accessories,1,15.0,15.0,East
10967,2026-08-14,5139,Wireless Earbuds,Electronics,2,150.0,300.0,North
10968,2026-08-15,5110,Desk Lamp,Office Supplies,1,50.0,50.0,South
10969,2026-08-15,5136,Ergonomic Chair,Office Supplies,2,280.0,560.0,West
10970,2026-08-15,5093,USB-C Cable,Accessories,1,15.0,15.0,North
10971,2026-08-15,5094,USB-C Cable,Accessories,3,15.0,45.0,East
10972,2026-08-16,5056,Wireless Earbuds,Electronics,1,150.0,150.0,South
10973,2026-08-17,5060,Smartphone,Electronics,1,800.0,800.0,East
10974,2026-08-17,5138,Wireless Earbuds,Electronics,1,150.0,150.0,South
10975,2026-08-17,5039,Smartphone,Electronics,1,800.0,800.0,West
10976,2026-08-18,5028,Phone Case,Accessories,1,20.0,20.0,South
10977,2026-08-18,5049,Wireless Earbuds,Electronics,1,150.0,150.0,East
10978,2026-08-19,5125,Pen Set,Office Supplies,2,10.0,20.0,North
10979,2026-08-19,5013,Phone Case,Accessories,1,20.0,20.0,North
10980,2026-08-20,5036,USB-C Cable,Accessories,1,15.0,15.0,East
10981,2026-08-20,5101,Smartphone,Electronics,1,800.0,800.0,South
10982,2026-08-20,5026,Ergonomic Chair,Office Supplies,1,280.0,280.0,North
10983,2026-08-20,5086,Notebook,Office Supplies,1,12.0,12.0,North
10984,2026-08-20,5004,Laptop Stand,Accessories,1,45.0,45.0,North
10985,2026-08-20,5082,Power Bank,Accessories,1,35.0,35.0,North
10986,2026-08-21,5127,USB-C Cable,Accessories,1,15.0,15.0,East
10987,2026-08-21,5088,Smartphone,Electronics,1,800.0,800.0,West
10988,2026-08-23,5127,Laptop Stand,Accessories,1,45.0,45.0,East
10989,2026-08-24,5120,Wireless Earbuds,Electronics,1,150.0,150.0,North
10990,2026-08-24,5022,Smartphone,Electronics,1,800.0,800.0,North
10991,2026-08-25,5130,Wireless Earbuds,Electronics,4,150.0,600.0,North
10992,2026-08-25,5031,Laptop,Electronics,1,1200.0,1200.0,East
10993,2026-08-25,5119,Laptop,Electronics,2,1200.0,2400.0,East
10994,2026-08-25,5011,Smartphone,Electronics,1,800.0,800.0,South
10995,2026-08-25,5046,Planner,Office Supplies,2,18.0,36.0,South
10996,2026-08-25,5096,Power Bank,Accessories,2,35.0,70.0,East
