restaurant_id,restaurant_name,aggregate_rating,votes,city,cuisine
1,Restaurant_1,2.8,2518,Houston,Italian
2,Restaurant_2,4.7,2789,Houston,Indian
3,Restaurant_3,4.0,934,Phoenix,Mexican
4,Restaurant_4,3.5,2966,Phoenix,Indian
5,Restaurant_5,2.0,1591,New York,Indian
6,Restaurant_6,2.0,3334,Los Angeles,American
7,Restaurant_7,1.7,4495,Phoenix,Italian
8,Restaurant_8,4.4,265,Houston,American
9,Restaurant_9,3.5,4814,Chicago,Italian
10,Restaurant_10,3.9,1848,Houston,Italian
11,Restaurant_11,1.6,1954,Los Angeles,Chinese
12,Restaurant_12,4.8,19,Houston,Japanese
13,Restaurant_13,4.3,2881,New York,Chinese
14,Restaurant_14,2.2,807,Los Angeles,Japanese
15,Restaurant_15,2.1,4982,Chicago,American
16,Restaurant_16,2.1,1025,New York,Japanese
17,Restaurant_17,2.5,1834,Los Angeles,American
18,Restaurant_18,3.3,4479,Chicago,Indian
19,Restaurant_19,3.0,3146,New York,Indian
20,Restaurant_20,2.5,2203,New York,Japanese
21,Restaurant_21,3.6,233,Los Angeles,Japanese
22,Restaurant_22,2.0,4958,Phoenix,American
23,Restaurant_23,2.5,4168,New York,Chinese
24,Restaurant_24,2.7,3935,New York,American
25,Restaurant_25,3.1,4794,Chicago,Chinese
26,Restaurant_26,4.2,4010,Houston,Indian
27,Restaurant_27,2.2,1643,Los Angeles,Italian
28,Restaurant_28,3.2,2162,Los Angeles,Japanese
29,Restaurant_29,3.5,520,Phoenix,Chinese
30,Restaurant_30,1.7,394,Phoenix,American
31,Restaurant_31,3.6,414,Los Angeles,Indian
32,Restaurant_32,2.1,4623,Phoenix,Chinese
33,Restaurant_33,1.7,4581,Chicago,American
34,Restaurant_34,4.7,2010,Los Angeles,Japanese
35,Restaurant_35,4.8,2766,Phoenix,Japanese
36,Restaurant_36,4.2,1678,Los Angeles,Mexican
37,Restaurant_37,2.5,1470,Houston,Italian
38,Restaurant_38,1.8,3646,New York,Mexican
39,Restaurant_39,3.8,2734,Los Angeles,Indian
40,Restaurant_40,3.0,4819,New York,Chinese
41,Restaurant_41,1.9,4188,Phoenix,Indian
42,Restaurant_42,3.2,2058,New York,American
43,Restaurant_43,1.6,4156,Los Angeles,Japanese
44,Restaurant_44,4.6,4790,Houston,Mexican
45,Restaurant_45,2.4,726,Phoenix,Mexican
46,Restaurant_46,3.8,4554,Los Angeles,Mexican
47,Restaurant_47,2.6,4986,Phoenix,Indian
48,Restaurant_48,3.3,4593,Chicago,Japanese
49,Restaurant_49,3.4,1833,New York,Chinese
50,Restaurant_50,2.1,2091,Chicago,American
51,Restaurant_51,4.8,3429,Los Angeles,Chinese
52,Restaurant_52,4.1,1584,Houston,Indian
53,Restaurant_53,4.7,259,Phoenix,American
54,Restaurant_54,4.5,683,New York,Mexican
55,Restaurant_55,3.5,4543,Phoenix,Italian
56,Restaurant_56,4.6,2175,Los Angeles,Indian
57,Restaurant_57,1.8,780,Phoenix,Indian
58,Restaurant_58,2.2,3972,New York,Japanese
59,Restaurant_59,1.7,4373,Los Angeles,Chinese
60,Restaurant_60,2.6,1994,Phoenix,Indian
61,Restaurant_61,2.8,1087,Houston,Indian
62,Restaurant_62,2.4,245,Los Angeles,Mexican
63,Restaurant_63,4.3,398,Los Angeles,Mexican
64,Restaurant_64,2.7,3047,Houston,American
65,Restaurant_65,2.5,4868,Chicago,Italian
66,Restaurant_66,3.3,1858,New York,Japanese
67,Restaurant_67,2.0,4729,Chicago,Italian
68,Restaurant_68,4.2,2824,Phoenix,American
69,Restaurant_69,1.8,3384,Houston,Mexican
70,Restaurant_70,4.9,3288,Chicago,Chinese
71,Restaurant_71,4.1,1262,Los Angeles,Mexican
72,Restaurant_72,2.2,3991,Phoenix,Japanese
73,Restaurant_73,1.5,4683,Phoenix,Mexican
74,Restaurant_74,4.3,2132,Chicago,Japanese
75,Restaurant_75,3.9,4540,Chicago,Japanese
76,Restaurant_76,4.0,2160,Houston,Japanese
77,Restaurant_77,4.1,4869,New York,American
78,Restaurant_78,1.8,1339,Chicago,Japanese
79,Restaurant_79,2.7,1368,Chicago,Japanese
80,Restaurant_80,1.9,2492,Los Angeles,Chinese
81,Restaurant_81,4.4,4552,Phoenix,Italian
82,Restaurant_82,3.6,2027,New York,Indian
83,Restaurant_83,2.6,1341,Los Angeles,Italian
84,Restaurant_84,1.7,4354,Houston,Japanese
85,Restaurant_85,2.6,4271,Houston,Chinese
86,Restaurant_86,2.6,1368,Chicago,Mexican
87,Restaurant_87,4.0,4647,Chicago,Chinese
88,Restaurant_88,3.7,4864,Houston,Japanese
89,Restaurant_89,4.5,3187,Chicago,Chinese
90,Restaurant_90,3.1,2138,New York,Chinese
91,Restaurant_91,1.9,2190,Chicago,Japanese
92,Restaurant_92,3.9,4902,Phoenix,American
93,Restaurant_93,4.1,147,Chicago,Chinese
94,Restaurant_94,3.4,3482,Los Angeles,Indian
95,Restaurant_95,4.1,2842,New York,Indian
96,Restaurant_96,3.2,3589,Los Angeles,Chinese
97,Restaurant_97,3.3,3041,Los Angeles,American
98,Restaurant_98,3.0,4174,Phoenix,Mexican
99,Restaurant_99,1.6,2603,New York,Japanese
100,Restaurant_100,1.9,4310,New York,Indian
101,Restaurant_101,1.6,3828,New York,Mexican
102,Restaurant_102,3.7,4148,New York,Chinese
103,Restaurant_103,2.6,3833,New York,Mexican
104,Restaurant_104,3.2,4052,Phoenix,Italian
105,Restaurant_105,4.6,1916,Chicago,Indian
106,Restaurant_106,2.3,770,Los Angeles,Chinese
107,Restaurant_107,2.9,3455,New York,Japanese
108,Restaurant_108,4.1,909,Chicago,American
109,Restaurant_109,2.3,4465,Chicago,Chinese
110,Restaurant_110,1.8,2957,Los Angeles,Japanese
111,Restaurant_111,2.5,1729,Phoenix,American
112,Restaurant_112,2.0,290,Houston,American
113,Restaurant_113,4.7,3276,Houston,Chinese
114,Restaurant_114,4.2,1897,Chicago,Mexican
115,Restaurant_115,3.7,3276,Los Angeles,Mexican
116,Restaurant_116,4.5,676,Houston,American
117,Restaurant_117,4.2,4198,Chicago,Mexican
118,Restaurant_118,2.1,681,Phoenix,Italian
119,Restaurant_119,4.5,1979,Houston,American
120,Restaurant_120,3.3,4166,Chicago,American
121,Restaurant_121,4.2,3132,Chicago,Japanese
122,Restaurant_122,4.5,4709,New York,Mexican
123,Restaurant_123,2.6,4787,Phoenix,American
124,Restaurant_124,1.9,3910,New York,Italian
125,Restaurant_125,2.3,533,Los Angeles,Japanese
126,Restaurant_126,3.0,2403,New York,Chinese
127,Restaurant_127,4.3,3127,New York,American
128,Restaurant_128,4.4,2603,Houston,Italian
129,Restaurant_129,1.5,1978,Chicago,Indian
130,Restaurant_130,3.2,1763,Phoenix,Italian
131,Restaurant_131,2.9,2306,New York,Italian
132,Restaurant_132,2.3,2271,Phoenix,Japanese
133,Restaurant_133,1.9,2296,New York,Chinese
134,Restaurant_134,2.6,4212,Los Angeles,Indian
135,Restaurant_135,4.7,2888,New York,Mexican
136,Restaurant_136,2.6,4153,Houston,Mexican
137,Restaurant_137,3.3,3654,Chicago,Italian
138,Restaurant_138,3.9,4442,Los Angeles,Japanese
139,Restaurant_139,2.7,2065,New York,Japanese
140,Restaurant_140,4.8,4730,Phoenix,Mexican
141,Restaurant_141,4.8,1286,Los Angeles,Indian
142,Restaurant_142,2.4,2776,Los Angeles,Chinese
143,Restaurant_143,3.2,312,New York,Indian
144,Restaurant_144,2.5,648,Los Angeles,American
145,Restaurant_145,2.5,65,Phoenix,American
146,Restaurant_146,1.6,4831,Los Angeles,Chinese
147,Restaurant_147,3.6,535,Phoenix,Mexican
148,Restaurant_148,3.2,4579,New York,Chinese
149,Restaurant_149,1.7,4133,Chicago,Japanese
150,Restaurant_150,2.4,2135,Los Angeles,American
151,Restaurant_151,4.6,3297,Chicago,Italian
152,Restaurant_152,2.3,374,Phoenix,Italian
153,Restaurant_153,2.0,4631,Los Angeles,Mexican
154,Restaurant_154,3.2,4988,Houston,Japanese
155,Restaurant_155,4.9,1656,Chicago,Indian
156,Restaurant_156,2.3,928,Los Angeles,Japanese
157,Restaurant_157,3.8,2807,Chicago,Italian
158,Restaurant_158,4.1,1541,Los Angeles,Italian
159,Restaurant_159,2.3,3355,New York,American
160,Restaurant_160,4.0,1916,Chicago,Japanese
161,Restaurant_161,2.8,3096,Houston,Japanese
162,Restaurant_162,3.6,4590,Houston,Italian
163,Restaurant_163,3.7,2085,Phoenix,Indian
164,Restaurant_164,3.3,723,Los Angeles,Mexican
165,Restaurant_165,1.8,1072,Chicago,Mexican
166,Restaurant_166,4.3,1986,Phoenix,Japanese
167,Restaurant_167,2.6,1306,Chicago,Mexican
168,Restaurant_168,2.1,135,Los Angeles,Italian
169,Restaurant_169,1.6,4642,Houston,Italian
170,Restaurant_170,3.5,3606,New York,Japanese
171,Restaurant_171,3.8,3293,Houston,Japanese
172,Restaurant_172,1.6,1613,Phoenix,American
173,Restaurant_173,3.2,76,New York,Japanese
174,Restaurant_174,2.3,242,Phoenix,Indian
175,Restaurant_175,3.7,2166,Los Angeles,Mexican
176,Restaurant_176,2.1,1179,New York,Japanese
177,Restaurant_177,3.8,2168,Phoenix,Chinese
178,Restaurant_178,2.8,4216,Los Angeles,American
179,Restaurant_179,4.7,1503,Houston,Chinese
180,Restaurant_180,2.0,4728,Los Angeles,Italian
181,Restaurant_181,2.7,4017,Chicago,Mexican
182,Restaurant_182,1.9,2482,Los Angeles,Japanese
183,Restaurant_183,4.6,2670,Los Angeles,Chinese
184,Restaurant_184,4.5,2749,Chicago,Mexican
185,Restaurant_185,2.4,1771,Phoenix,Italian
186,Restaurant_186,3.7,3524,Phoenix,Indian
187,Restaurant_187,4.3,1985,Los Angeles,American
188,Restaurant_188,3.4,2372,Chicago,Mexican
189,Restaurant_189,3.3,886,Chicago,Mexican
190,Restaurant_190,2.3,3822,Houston,Indian
191,Restaurant_191,1.8,3458,Phoenix,Mexican
192,Restaurant_192,4.6,1322,New York,Italian
193,Restaurant_193,4.6,1470,Phoenix,Italian
194,Restaurant_194,3.7,2719,Phoenix,Indian
195,Restaurant_195,2.7,2334,Houston,American
196,Restaurant_196,2.7,1743,New York,Japanese
197,Restaurant_197,4.0,1615,Houston,Chinese
198,Restaurant_198,4.6,2573,New York,Japanese
199,Restaurant_199,4.5,3431,Los Angeles,Mexican
200,Restaurant_200,4.2,3527,New York,Chinese
201,Restaurant_201,3.7,2407,Houston,Indian
202,Restaurant_202,1.8,3745,Phoenix,Indian
203,Restaurant_203,2.0,2880,New York,American
204,Restaurant_204,4.6,1170,New York,Chinese
205,Restaurant_205,3.6,4864,Chicago,Italian
206,Restaurant_206,1.5,252,Phoenix,Chinese
207,Restaurant_207,1.8,2600,Los Angeles,Mexican
208,Restaurant_208,3.8,1073,Houston,Italian
209,Restaurant_209,1.5,4334,Los Angeles,Indian
210,Restaurant_210,2.0,2605,Phoenix,Chinese
211,Restaurant_211,3.4,929,New York,Japanese
212,Restaurant_212,3.9,15,New York,American
213,Restaurant_213,3.7,477,Phoenix,Japanese
214,Restaurant_214,2.3,4180,New York,American
215,Restaurant_215,3.9,13,New York,Mexican
216,Restaurant_216,2.3,655,New York,Japanese
217,Restaurant_217,2.6,127,Houston,Chinese
218,Restaurant_218,4.0,2938,Houston,Chinese
219,Restaurant_219,3.7,2561,Chicago,Japanese
220,Restaurant_220,4.4,4299,Los Angeles,Chinese
221,Restaurant_221,3.7,856,Phoenix,Mexican
222,Restaurant_222,3.4,2772,Phoenix,Italian
223,Restaurant_223,1.8,1151,Phoenix,Mexican
224,Restaurant_224,2.8,1820,Chicago,American
225,Restaurant_225,2.4,733,Houston,Mexican
226,Restaurant_226,2.3,234,Chicago,American
227,Restaurant_227,4.8,4637,Phoenix,Chinese
228,Restaurant_228,2.8,4218,Los Angeles,Italian
229,Restaurant_229,4.5,4664,New York,Chinese
230,Restaurant_230,3.6,2058,Houston,Indian
231,Restaurant_231,4.2,4759,Houston,Chinese
232,Restaurant_232,3.2,4425,Chicago,American
233,Restaurant_233,3.5,1583,Houston,Chinese
234,Restaurant_234,3.2,1838,Phoenix,Chinese
235,Restaurant_235,2.2,1927,Phoenix,Italian
236,Restaurant_236,4.0,4244,Chicago,Chinese
237,Restaurant_237,2.5,2036,Phoenix,Italian
238,Restaurant_238,1.6,3754,Los Angeles,Japanese
239,Restaurant_239,3.7,911,Chicago,Indian
240,Restaurant_240,2.1,4795,Los Angeles,Italian
241,Restaurant_241,4.7,2049,New York,American
242,Restaurant_242,4.7,19,Los Angeles,Japanese
243,Restaurant_243,4.6,270,New York,Italian
244,Restaurant_244,2.8,1683,New York,Italian
245,Restaurant_245,1.6,2229,Los Angeles,Indian
246,Restaurant_246,4.7,2070,Chicago,American
247,Restaurant_247,3.0,3723,Phoenix,Mexican
248,Restaurant_248,4.8,1629,Phoenix,Mexican
249,Restaurant_249,4.8,330,New York,Italian
250,Restaurant_250,4.4,1352,New York,Chinese
251,Restaurant_251,2.5,2386,Chicago,American
252,Restaurant_252,2.8,2842,Houston,Japanese
253,Restaurant_253,4.4,2834,Los Angeles,Chinese
254,Restaurant_254,2.6,2004,New York,Chinese
255,Restaurant_255,2.1,2968,Phoenix,American
256,Restaurant_256,3.4,2048,Chicago,Italian
257,Restaurant_257,4.7,3500,Los Angeles,Italian
258,Restaurant_258,3.9,3687,Chicago,Italian
259,Restaurant_259,3.4,1128,Los Angeles,Italian
260,Restaurant_260,1.8,1614,Los Angeles,Mexican
261,Restaurant_261,3.6,4037,New York,Italian
262,Restaurant_262,4.9,245,Chicago,Mexican
263,Restaurant_263,2.0,1979,Chicago,Mexican
264,Restaurant_264,3.3,4439,Phoenix,Italian
265,Restaurant_265,4.5,1918,Phoenix,Indian
266,Restaurant_266,4.0,385,New York,Japanese
267,Restaurant_267,3.9,3540,New York,Chinese
268,Restaurant_268,3.9,2645,Houston,Mexican
269,Restaurant_269,2.7,1580,Phoenix,American
270,Restaurant_270,2.5,2570,Los Angeles,American
271,Restaurant_271,4.3,3401,Chicago,Japanese
272,Restaurant_272,4.3,2975,New York,American
273,Restaurant_273,4.4,3653,Chicago,Indian
274,Restaurant_274,4.6,3860,Chicago,American
275,Restaurant_275,3.2,882,Houston,Chinese
276,Restaurant_276,3.2,1262,Phoenix,Chinese
277,Restaurant_277,4.2,1324,New York,Mexican
278,Restaurant_278,3.7,4830,Chicago,Italian
279,Restaurant_279,3.9,2908,New York,Indian
280,Restaurant_280,4.2,87,Los Angeles,Mexican
281,Restaurant_281,4.5,2631,Houston,Indian
282,Restaurant_282,2.6,4237,Los Angeles,Italian
283,Restaurant_283,2.8,610,New York,American
284,Restaurant_284,1.8,1075,New York,American
285,Restaurant_285,3.5,2146,Phoenix,Italian
286,Restaurant_286,1.6,2459,Chicago,Mexican
287,Restaurant_287,3.1,2353,Chicago,Italian
288,Restaurant_288,3.3,1873,Los Angeles,Japanese
289,Restaurant_289,2.5,1328,Houston,Chinese
290,Restaurant_290,3.5,4721,Chicago,Mexican
291,Restaurant_291,1.6,3607,Phoenix,Indian
292,Restaurant_292,1.6,3772,Los Angeles,Japanese
293,Restaurant_293,4.3,4680,Los Angeles,Mexican
294,Restaurant_294,2.7,2200,Phoenix,Italian
295,Restaurant_295,1.9,1002,Houston,Italian
296,Restaurant_296,3.3,2722,Phoenix,Italian
297,Restaurant_297,4.1,2202,Houston,Italian
298,Restaurant_298,2.2,1258,Phoenix,Indian
299,Restaurant_299,3.6,3064,Phoenix,Japanese
300,Restaurant_300,1.8,4608,New York,American
301,Restaurant_301,1.7,4043,Los Angeles,Chinese
302,Restaurant_302,3.3,2007,Phoenix,Indian
303,Restaurant_303,3.3,4926,Phoenix,Indian
304,Restaurant_304,3.7,3697,Chicago,American
305,Restaurant_305,4.0,2161,Los Angeles,American
306,Restaurant_306,4.8,4028,Chicago,Chinese
307,Restaurant_307,3.3,3120,Los Angeles,Chinese
308,Restaurant_308,2.6,1980,Chicago,American
309,Restaurant_309,4.2,207,Phoenix,Italian
310,Restaurant_310,2.4,2636,Phoenix,Indian
311,Restaurant_311,3.0,1212,New York,Mexican
312,Restaurant_312,1.8,2045,Chicago,Chinese
313,Restaurant_313,1.6,487,Houston,Chinese
314,Restaurant_314,4.8,1264,New York,American
315,Restaurant_315,4.3,932,Chicago,Japanese
316,Restaurant_316,3.9,429,Chicago,Mexican
317,Restaurant_317,2.9,2214,New York,Mexican
318,Restaurant_318,2.1,2607,Phoenix,Chinese
319,Restaurant_319,2.0,1130,Chicago,Italian
320,Restaurant_320,2.4,3078,Phoenix,Japanese
321,Restaurant_321,3.4,960,New York,Mexican
322,Restaurant_322,3.9,2346,Phoenix,Chinese
323,Restaurant_323,3.7,2253,Los Angeles,Mexican
324,Restaurant_324,2.5,2655,Houston,Japanese
325,Restaurant_325,4.7,1867,Chicago,Japanese
326,Restaurant_326,4.0,4622,Houston,Indian
327,Restaurant_327,3.4,1875,Phoenix,American
328,Restaurant_328,3.6,2922,Chicago,American
329,Restaurant_329,2.9,2863,Phoenix,Chinese
330,Restaurant_330,2.3,4920,Los Angeles,Japanese
331,Restaurant_331,2.7,3238,New York,Indian
332,Restaurant_332,4.1,3729,Chicago,Indian
333,Restaurant_333,1.5,3238,Los Angeles,Mexican
334,Restaurant_334,1.9,2381,Los Angeles,Mexican
335,Restaurant_335,1.7,2901,Chicago,Indian
336,Restaurant_336,1.6,3766,Phoenix,Mexican
337,Restaurant_337,4.4,4235,Los Angeles,Japanese
338,Restaurant_338,3.9,104,Houston,Italian
339,Restaurant_339,3.1,2684,Los Angeles,Japanese
340,Restaurant_340,1.8,1965,Phoenix,Indian
341,Restaurant_341,3.2,803,Phoenix,Indian
342,Restaurant_342,3.1,1844,Houston,Japanese
343,Restaurant_343,2.1,2126,Los Angeles,Mexican
344,Restaurant_344,3.0,4116,Phoenix,Mexican
345,Restaurant_345,2.9,3335,Chicago,American
346,Restaurant_346,3.6,2929,New York,Indian
347,Restaurant_347,3.7,2607,New York,Chinese
348,Restaurant_348,1.7,3215,New York,American
349,Restaurant_349,2.8,4817,Los Angeles,Mexican
350,Restaurant_350,3.6,824,Houston,Japanese
351,Restaurant_351,3.2,355,Phoenix,Mexican
352,Restaurant_352,4.4,2359,Chicago,Japanese
353,Restaurant_353,3.7,372,Chicago,American
354,Restaurant_354,2.1,2453,Los Angeles,Indian
355,Restaurant_355,1.7,2275,New York,Mexican
356,Restaurant_356,3.7,2198,Los Angeles,Japanese
357,Restaurant_357,1.6,3015,Houston,Indian
358,Restaurant_358,3.5,3291,Houston,Chinese
359,Restaurant_359,4.7,994,Phoenix,Japanese
360,Restaurant_360,3.5,1649,Phoenix,American
361,Restaurant_361,2.8,837,Houston,Chinese
362,Restaurant_362,3.7,2740,Houston,Chinese
363,Restaurant_363,3.1,3541,Houston,Italian
364,Restaurant_364,3.4,4461,Los Angeles,Mexican
365,Restaurant_365,4.7,2945,Houston,Japanese
366,Restaurant_366,2.8,3886,Chicago,Chinese
367,Restaurant_367,4.8,136,New York,Italian
368,Restaurant_368,4.6,3187,Houston,American
369,Restaurant_369,2.2,3066,New York,Indian
370,Restaurant_370,1.7,613,Los Angeles,Japanese
371,Restaurant_371,1.8,3459,New York,Chinese
372,Restaurant_372,1.6,4156,Los Angeles,Mexican
373,Restaurant_373,1.8,3543,Chicago,Italian
374,Restaurant_374,3.8,3377,Los Angeles,Chinese
375,Restaurant_375,1.7,3378,Los Angeles,Mexican
376,Restaurant_376,2.6,3807,Phoenix,Chinese
377,Restaurant_377,4.4,1802,Houston,Japanese
378,Restaurant_378,1.6,2871,Houston,Japanese
379,Restaurant_379,4.3,3486,Chicago,Japanese
380,Restaurant_380,2.5,3427,Chicago,American
381,Restaurant_381,1.9,1655,Houston,American
382,Restaurant_382,3.9,1215,Phoenix,Italian
383,Restaurant_383,3.6,3040,Houston,Japanese
384,Restaurant_384,4.5,2882,Phoenix,Mexican
385,Restaurant_385,4.0,3082,Chicago,Chinese
386,Restaurant_386,4.2,1864,New York,Indian
387,Restaurant_387,2.5,4031,Chicago,Mexican
388,Restaurant_388,2.1,4672,Chicago,American
389,Restaurant_389,4.1,2718,Los Angeles,American
390,Restaurant_390,4.2,3512,Los Angeles,Mexican
391,Restaurant_391,4.9,1342,Los Angeles,American
392,Restaurant_392,2.9,211,Los Angeles,Japanese
393,Restaurant_393,2.8,3517,Phoenix,Italian
394,Restaurant_394,4.1,4222,Houston,Chinese
395,Restaurant_395,2.7,584,New York,Italian
396,Restaurant_396,4.7,546,Chicago,Chinese
397,Restaurant_397,4.4,1635,Phoenix,Chinese
398,Restaurant_398,3.0,2132,New York,Italian
399,Restaurant_399,4.1,395,Phoenix,Mexican
400,Restaurant_400,4.1,3291,Phoenix,Chinese
401,Restaurant_401,1.9,484,Chicago,Italian
402,Restaurant_402,4.6,427,Houston,Chinese
403,Restaurant_403,3.2,3610,Los Angeles,Indian
404,Restaurant_404,4.3,964,Houston,Mexican
405,Restaurant_405,2.6,4981,Chicago,Japanese
406,Restaurant_406,4.5,4868,Chicago,Chinese
407,Restaurant_407,2.8,1215,Chicago,Indian
408,Restaurant_408,1.5,4769,New York,Japanese
409,Restaurant_409,4.6,4130,Houston,Japanese
410,Restaurant_410,1.8,2000,Houston,Chinese
411,Restaurant_411,2.6,4815,Phoenix,Italian
412,Restaurant_412,4.7,3582,Phoenix,Chinese
413,Restaurant_413,4.7,4390,Phoenix,Indian
414,Restaurant_414,3.4,4168,Chicago,Japanese
415,Restaurant_415,3.6,4767,Houston,Chinese
416,Restaurant_416,3.0,2723,Chicago,Italian
417,Restaurant_417,2.5,2213,New York,Chinese
418,Restaurant_418,2.6,3130,Phoenix,Mexican
419,Restaurant_419,3.8,976,Chicago,Italian
420,Restaurant_420,4.1,4954,Chicago,Indian
421,Restaurant_421,4.2,3442,New York,Japanese
422,Restaurant_422,4.2,698,Los Angeles,Chinese
423,Restaurant_423,1.8,4253,Houston,Italian
424,Restaurant_424,3.2,3711,Los Angeles,Mexican
425,Restaurant_425,1.7,351,Phoenix,Italian
426,Restaurant_426,3.4,1734,Chicago,American
427,Restaurant_427,3.0,4432,New York,Mexican
428,Restaurant_428,4.5,1802,New York,Indian
429,Restaurant_429,2.7,1769,Houston,Japanese
430,Restaurant_430,1.9,3222,Los Angeles,Indian
431,Restaurant_431,2.0,999,Houston,Chinese
432,Restaurant_432,4.1,2272,Chicago,Italian
433,Restaurant_433,3.6,2492,Houston,American
434,Restaurant_434,1.8,961,New York,Mexican
435,Restaurant_435,1.8,732,New York,Mexican
436,Restaurant_436,3.9,3399,Phoenix,Italian
437,Restaurant_437,1.7,2089,Phoenix,American
438,Restaurant_438,4.3,2727,Chicago,Italian
439,Restaurant_439,3.9,2342,Los Angeles,Chinese
440,Restaurant_440,1.8,3386,Houston,Indian
441,Restaurant_441,1.8,4534,Chicago,Mexican
442,Restaurant_442,4.9,1510,Phoenix,Chinese
443,Restaurant_443,2.8,295,Houston,Indian
444,Restaurant_444,2.8,3505,Phoenix,Chinese
445,Restaurant_445,4.3,2075,Houston,American
446,Restaurant_446,4.7,778,Los Angeles,Mexican
447,Restaurant_447,4.9,3067,Chicago,Italian
448,Restaurant_448,4.1,4299,Houston,Italian
449,Restaurant_449,2.8,2171,New York,Indian
450,Restaurant_450,1.8,3303,New York,Japanese
451,Restaurant_451,4.1,956,Houston,American
452,Restaurant_452,3.4,4936,Houston,Indian
453,Restaurant_453,2.9,3345,Houston,Japanese
454,Restaurant_454,4.6,4160,New York,Chinese
455,Restaurant_455,1.9,4905,New York,American
456,Restaurant_456,3.2,4883,Houston,Chinese
457,Restaurant_457,1.5,1491,Phoenix,Mexican
458,Restaurant_458,3.1,1911,Phoenix,American
459,Restaurant_459,1.7,3461,Los Angeles,Japanese
460,Restaurant_460,1.9,4074,Chicago,Mexican
461,Restaurant_461,1.9,64,Phoenix,Italian
462,Restaurant_462,3.7,1833,New York,Japanese
463,Restaurant_463,4.0,3472,Phoenix,Indian
464,Restaurant_464,3.5,3089,Los Angeles,Italian
465,Restaurant_465,4.8,842,Los Angeles,Italian
466,Restaurant_466,2.8,4418,Chicago,Indian
467,Restaurant_467,2.5,2816,Phoenix,American
468,Restaurant_468,4.5,2500,New York,Italian
469,Restaurant_469,2.3,337,New York,Japanese
470,Restaurant_470,4.8,3320,Houston,Mexican
471,Restaurant_471,1.5,3310,New York,Italian
472,Restaurant_472,4.8,3685,Chicago,Japanese
473,Restaurant_473,1.6,3064,Chicago,Chinese
474,Restaurant_474,4.5,2153,New York,Japanese
475,Restaurant_475,3.3,1321,New York,Mexican
476,Restaurant_476,4.9,3201,Houston,Japanese
477,Restaurant_477,1.8,2548,New York,Indian
478,Restaurant_478,3.4,3993,Houston,Mexican
479,Restaurant_479,4.8,4557,Houston,American
480,Restaurant_480,3.3,174,New York,Chinese
481,Restaurant_481,3.6,4287,Los Angeles,Indian
482,Restaurant_482,3.9,832,Los Angeles,American
483,Restaurant_483,3.0,953,Houston,Japanese
484,Restaurant_484,3.6,4435,New York,Mexican
485,Restaurant_485,3.5,784,Los Angeles,Chinese
486,Restaurant_486,4.6,2208,New York,Indian
487,Restaurant_487,1.7,3166,New York,American
488,Restaurant_488,2.5,4252,New York,American
489,Restaurant_489,4.7,3705,Phoenix,Chinese
490,Restaurant_490,4.5,3462,New York,Japanese
491,Restaurant_491,3.0,924,Phoenix,Chinese
492,Restaurant_492,3.6,1318,Houston,American
493,Restaurant_493,2.4,4187,Los Angeles,Italian
494,Restaurant_494,2.1,523,Los Angeles,Indian
495,Restaurant_495,3.1,1930,Los Angeles,Chinese
496,Restaurant_496,2.7,3604,Los Angeles,American
497,Restaurant_497,3.5,4851,Los Angeles,Japanese
498,Restaurant_498,1.8,1419,Los Angeles,American
499,Restaurant_499,4.8,4812,Los Angeles,Japanese
500,Restaurant_500,4.9,4576,Houston,Chinese
